pgmid,
41763,[VOD]루나앤슬립 냉감침구(5/5 21시)
41765,[멀티B][VOD]카무트(1/31 11시)
41767,[멀티B][VOD]코이 앰플 (6/4 11)
41769,[멀티B][VOD]웰라쥬 앰플 (5/28 09시)
41771,[멀티B][VOD]삼성 무풍 에어컨(6/15 19시)
41772,[VOD]옥과농원 참송이버섯(1/2 09시)
41774,[VOD]모르간(6/16 20)
41775,[VOD]고등어밥상(4/16 12시)
41776,[VOD]그래비티 샴푸(6/17 20)
41777,[VOD]카무트(1/31 11시)
41779,[멀티B][VOD]삼성 무풍 에어컨(6/15 19시)
41781,[멀티B][VOD]미세스문 인견침구 (4/26 09시
41782,[VOD][특가]라삐아프(당일 12시)
41783,[VOD]에이지투웨니스 팩트(6/8 20)
41784,[VOD]GS패션아울렛-스 스케쳐스(6/6 19시)
41785,[VOD]르네크루(6/8 9시)
41786,[VOD]카무트(1/31 11시)
41788,[멀티B][VOD][D]오키뷰티(6/17 0900)
41789,[VOD]GS 패션아울렛-2 쏘울(6/19 20시)
41792,[VOD]MD래쉬팩터(6/9 2100)
41793,[VOD]삼성 무풍 에어컨(6/15 19시)
41794,[VOD]로라애슐리 양우산(5/4 09시)
41795,[VOD][D]LG생건 헤어바디용품(6/17 10시)
41796,[VOD]라삐아프(6/9 9시)
41797,[VOD]AT캐리어(12/8 19시)
41798,[VOD]위닉스 제습기 24L (6/19 11시)
41800,[멀티B][VOD]뷰 클렌저 (01/21 11시)
41801,[VOD]가히 멀티밤(6/10 10)
41803,[멀티B][VOD]고등어밥상(4/16 12시)
41804,[VOD]에이지투웨니스 팩트(6/8 2000)
41805,[VOD]코어(6/19 9시)
41806,[VOD]스튜디오디페(6/6 21시)
41807,[VOD]헤드스파(6/18 21시)
41809,[멀티B][VOD]AT 캐리어(2/15 9시)
41810,[VOD]메디큐브(6/11 16)
41812,[멀티B][VOD]가히 멀티밤(6/10 10)
41813,[VOD]쿠쿠 밥솥(10/31 09시)
41814,[VOD]삼성 무풍 에어컨(6/15 19시)
41815,[VOD]뷰 수분크림 (05/15 09)
41816,[VOD][D]LG생건 세제+청소용품전(6/15 10
41818,[VOD][D]오모떼 속옷(4/25 9시)
41819,[VOD]카무트(1/31 11시)
41821,[멀티B][VOD]AT잡화(5/16 19시)
41822,[VOD]삼성 무풍 에어컨(6/15 19시)
41825,[VOD]신일 써큘레이터 스테디 (5/22 21시)
41826,[VOD]에버콜라겐(5/30 19시)
41906,[VOD]패션아울렛-1 SJ와니(6/13 19시)
41907,[VOD]르네크루(6/13 21시)
41911,[멀티B][VOD]웰라쥬 앰플(4/27 11)
41913,[멀티B][VOD][딜]삼성 에어컨(6/11 21시)
41915,[멀티B][VOD]포레스트핏(6/11 13시)
41916,[VOD][꿀잠][D]르젠 선풍기(6/2 09시)
41917,[VOD]쿠쿠 밥솥(10/31 09시)
41918,[VOD]카무트(1/31 11시)
41919,[VOD]코어(당일 10시)
41920,[VOD]스페셜유 냉동 블루베리(5/25 11시)
41921,"[VOD][D]글래드,[D]롤리타렘피카(당일 12시"
41923,[멀티B][VOD]신일 써큘레이터 (5/22 21시)
41925,[멀티B][VOD][딜]삼성 에어컨(6/11 21시)
41926,[VOD]에이지투웨니스 팩트(6/1 2000)
41927,[VOD][D]핏플랍 (당일 11시)
41928,[VOD]코어(당일 10시)
41929,[VOD][입또입]제이슨우(6/9 20시)
41930,[VOD]뷰 선크림(06/16 11시)
41932,[멀티B][VOD]AHC아이크림(3/31 10)
41934,[멀티B][VOD]플레이텍스(6/12 9시)
41936,[멀티B][VOD]삼성 무풍 에어컨(6/15 19시)
41938,[멀티B][VOD]
41939,[VOD][꿀잠]헬렌스타인 냉감침구(6/17 19
41941,[VOD][꿀잠]
41942,[VOD]신일 써큘레이터 스테디 (5/22 21시)
41943,[VOD]
41944,[VOD]코이 앰플(6/4 11시)
41946,[멀티B][VOD]삼성 무풍 에어컨(6/15 19시)
41948,[멀티B][VOD][꿀잠]루나앤슬립 침구(5/5 21
41949,[VOD][D/N]정샘물 메이크업 (당일 11시)
41950,[VOD]스튜디오디페(6/20 21시)
41951,[VOD][릴]휴롬 착즙기(당일 10시)
41952,[VOD]
41953,[VOD]비비안 속옷(6/15 11시)
41955,[멀티B][VOD]깨끗한나라 화장지 (5/23 10시
41957,[멀티B][VOD]삼성 무풍 에어컨(6/15 19시)
41959,[멀티B][VOD][D]BNX/GGPX(6/14 11시)
41961,[멀티B][VOD]
41962,[VOD]신일 써큘레이터 스테디 (5/22 21시)
41964,[VOD]
41965,[VOD][꿀잠]D]플로라 냉감침구(6/22 19시)
41966,[VOD]
41967,[VOD]
41969,[멀티B][VOD]피그먼트(6/16 19시)
41971,[멀티B][VOD][D]보니/나인식스(6/16 19시)
41972,[VOD]삼성 무풍 에어컨(6/15 19시)
41973,[VOD]엔니튜드(6/21 11시)
41974,[VOD]
41975,[멀티B][VOD][딜]코이 앰플(6/4 11)
41976,[VOD]스튜디오디페(6/20 21시)
41978,[멀티B][VOD]버버리 잡화(6/4 21시)
41980,[멀티B][VOD]쿠쿠 밥솥(10/31 09시)
41982,[멀티B][VOD]웰라쥬 앰플(5/28 09)
41984,[멀티B][VOD][딜]삼성 에어컨(6/11 21시)
41985,[VOD][릴]알텐바흐 주방용품(4/2 16시)
41986,[VOD][D]베라토 주얼리(6/18 20)
41987,[VOD][D]한경희 음식물처리기(6/4 20시)
41990,[멀티B][VOD]
41992,[멀티B][VOD]가히 멀티밤(6/10 10)
41994,[멀티B][VOD][딜]삼성 에어컨(6/11 21시)
41996,[멀티B][VOD]아이다 BB크림(당일 11시)
41999,[VOD][찐친]
42000,[VOD]신일 써큘레이터 스테디 (5/22 21시)
42001,[VOD]
42002,[VOD]르네크루(6/13 21시)
42004,[멀티B][VOD]시슬리 속옷(6/14 21시)
42006,[멀티B][VOD][D]에버콜라겐(3/25 09시)
42008,[멀티B][VOD]
42010,[멀티B][VOD]
42011,[VOD]
42013,[VOD]삼성 무풍 에어컨(6/15 19시)
42014,[VOD]뷰 유자세럼 (05/22 11)
42015,[VOD][N/D]에뛰드하우스(당일 10시)
42016,[VOD]깨끗한나라 화장지 무향(5/23 10시)
42018,[멀티B][VOD]
42020,[멀티B][VOD]신일 써큘레이터 (5/22 21시)
42021,[VOD]삼성 무풍 에어컨(6/15 19시)
42022,[VOD][릴]플레이텍스(6/12 9시)
42023,[VOD]
