,,,,,,
2026-10-09 1:00,"1,108,733,644.00",L)골드카무트효소12박스,보조상품,박종현,1,2026-10-09 1:00
2026-10-09 1:00,"1,125,346,338.00",L)골드카무트효소 14박스,보조상품,박종현,1,2026-10-09 1:00
2026-10-09 1:00,"1,108,740,688.00",L)골드카무트효소18박스,보조상품,박종현,1,2026-10-09 1:00
2026-10-09 1:30,"1,137,534,288.00",L)홀베리 블루베리 8박스 F2,주상품,김진산,1,2026-10-09 1:30
2026-10-09 6:00,"1,072,273,537.00",L)웰라쥬 시즌4_VIP,주상품,박혜련,1,2026-10-09 6:00
2026-10-09 6:00,"1,086,088,841.00",L)웰라쥬 시즌4_5배,보조상품,박혜련,1,2026-10-09 6:00
2026-10-09 6:00,"1,076,830,699.00",L)웰라쥬 시즌4_기본,보조상품,박혜련,1,2026-10-09 6:00
2026-10-09 7:15,"1,132,612,275.00",메노락토 오리진 9개월,주상품,오세진,1,2026-10-09 7:15
2026-10-09 7:15,"1,098,376,482.00",메노락토 오리진 3개월,보조상품,오세진,1,2026-10-09 7:15
2026-10-09 7:15,"1,067,582,793.00",사)M신세계상품권 3만원,사은품,김승아,,2026-10-09 7:15
2026-10-09 8:15,"1,097,914,785.00",L)세포랩 올인패키지_100,주상품,한엄지,1,2026-10-09 8:15
2026-10-09 8:15,"1,137,716,483.00",L)세포랩B_올인패키지_,보조상품,한엄지,1,2026-10-09 8:15
2026-10-09 8:15,"1,054,011,642.00",L)세포랩기본패키지_N,보조상품,한엄지,1,2026-10-09 8:15
2026-10-09 8:15,"1,137,716,755.00",L)세포랩 블랙라벨_기본,보조상품,한엄지,1,2026-10-09 8:15
2026-10-09 9:25,"1,136,833,523.00",L)도미나스 시즌7_크5검에3중체1,주상품,이아란,1,2026-10-09 9:25
2026-10-09 9:25,"1,129,390,619.00",L)도미나스 시즌7_크림2,보조상품,이아란,1,2026-10-09 9:25
2026-10-09 9:25,"1,129,389,733.00",L)도미나스 시즌7_크림1,보조상품,이아란,1,2026-10-09 9:25
2026-10-09 10:25,"1,116,768,061.00",여)스케쳐스26FW릴랙스드코지,주상품,김세연,1,2026-10-09 10:25
2026-10-09 10:25,"1,116,768,484.00",남)스케쳐스26FW릴랙스드코지,보조상품,김세연,1,2026-10-09 10:25
2026-10-09 11:35,"1,132,612,275.00",메노락토 오리진 9개월,주상품,오세진,1,2026-10-09 11:35
2026-10-09 11:35,"1,098,376,482.00",메노락토 오리진 3개월,보조상품,오세진,1,2026-10-09 11:35
2026-10-09 11:35,"1,067,582,793.00",사)M신세계상품권 3만원,사은품,김승아,,2026-10-09 11:35
2026-10-09 12:35,"1,085,465,534.00",타파웨어 렌지쿠커 5종_L,주상품,최주희,1,2026-10-09 12:35
2026-10-09 13:30,"1,129,210,645.00",이시형박사 인생마그네슘 9박스,주상품,김익순,1,2026-10-09 13:30
2026-10-09 13:30,"1,130,382,916.00",이시형박사 인생마그네슘 1박스,보조상품,김익순,1,2026-10-09 13:30
2026-10-09 14:30,"1,137,128,162.00",L)아이펩톡스18병+2병더+체5,주상품,박혜련,1,2026-10-09 14:30
2026-10-09 14:30,"1,097,444,061.00",L)아이펩톡스12병+체2,보조상품,박혜련,1,2026-10-09 14:30
2026-10-09 14:30,"1,090,820,637.00",M)아이펩톡스2병(2개입x1),보조상품,박혜련,1,2026-10-09 14:30
2026-10-09 15:30,"1,102,519,298.00",L)알티지오메가D 16박스+이뮨샷8,주상품,최지은,1,2026-10-09 15:30
2026-10-09 15:30,"1,092,978,787.00",L)NEW 알티지오메가D 6박스,보조상품,최지은,1,2026-10-09 15:30
2026-10-09 16:30,"1,118,374,151.00",여)FILA 26SS 라디온,주상품,김우진,1,2026-10-09 16:30
2026-10-09 16:30,"1,118,374,934.00",남)FILA 26SS 라디온,보조상품,김우진,1,2026-10-09 16:30
2026-10-09 16:30,"1,103,105,426.00",여)FILA 26SS 벨로비,보조상품,김우진,1,2026-10-09 16:30
2026-10-09 16:30,"1,103,105,132.00",남)FILA 26SS 벨로비,보조상품,김우진,1,2026-10-09 16:30
2026-10-09 17:30,"1,137,407,859.00",L.여)레드캠프 하이넥 플리스,주상품,김우진,1,2026-10-09 17:30
2026-10-09 17:30,"1,137,408,178.00",L.남)레드캠프 하이넥 플리스,보조상품,김우진,1,2026-10-09 17:30
2026-10-09 18:30,"1,137,142,364.00",L시슬리팬티9차가방,주상품,김지연,1,2026-10-09 18:30
2026-10-09 19:30,"1,130,348,505.00",(무)AIA파워100치매보험,주상품,백지원,1,2026-10-09 19:30
2026-10-09 20:35,"1,133,786,916.00",L)샤크무선청소기BU3641KR,주상품,김보경,1,2026-10-09 20:35
2026-10-09 20:35,"1,136,819,009.00",이메텍 프리미엄 순면 전기요,주상품,김민수,2,2026-10-09 20:35
2026-10-09 20:35,"1,136,877,828.00",이메텍 순면 전기요 더블,보조상품,김민수,2,2026-10-09 20:35
2026-10-09 20:35,"1,136,879,890.00",사_이메텍 전기 온열찜질기,사은품,김민수,,2026-10-09 20:35
2026-10-09 20:35,"1,136,879,890.00",사_이메텍 전기 온열찜질기,사은품,김민수,,2026-10-09 20:35
2026-10-09 22:45,"1,128,099,779.00",L)쿨로아 600 디바이스 패키지,주상품,안초록,1,2026-10-09 22:45
2026-10-09 22:45,"1,134,270,533.00",L)쿨로아 600 24회 패키지,보조상품,안초록,1,2026-10-09 22:45
2026-10-09 22:45,"1,134,271,012.00",L)쿨로아 600 100회 패키지,보조상품,안초록,1,2026-10-09 22:45
2026-10-09 22:45,"1,134,225,065.00",단)쿨로아S앰플 1세트,보조상품,안초록,1,2026-10-09 22:45
2026-10-09 22:45,"1,136,020,204.00",단)쿨로아S앰플 5세트,보조상품,안초록,1,2026-10-09 22:45
2026-10-09 23:55,"1,104,375,847.00",L)에코스라인 헤어마스크 패키지,주상품,안초록,1,2026-10-09 23:55
2026-10-09 23:55,"1,109,602,270.00",L)에코스라인 헤어마스크 더블,보조상품,안초록,1,2026-10-09 23:55
2026-10-09 23:55,"1,109,637,190.00",L)에코스라인 헤어마스크 1000,보조상품,안초록,1,2026-10-09 23:55
2026-10-09 23:55,"1,109,637,441.00",L)에코스라인 헤어마스크 300,보조상품,안초록,1,2026-10-09 23:55
2026-10-10 1:05,"1,102,765,904.00",뉴온 시서스 필 다이어트 6박스,주상품,임형모,1,2026-10-10 1:05
2026-10-10 1:05,"1,104,407,897.00",뉴온 시서스 필 다이어트 2박스,보조상품,임형모,1,2026-10-10 1:05
2026-10-10 6:00,"1,129,792,179.00",직L)하이퍼셀 오메가3 18박스,주상품,김우재,1,2026-10-10 6:00
2026-10-10 6:00,"1,129,792,727.00",직L)하이퍼셀 오메가3 6박스,보조상품,김우재,1,2026-10-10 6:00
2026-10-10 7:15,"1,129,034,101.00",직L)뉴트리코어난각막DEM 12박스,주상품,김우재,1,2026-10-10 7:15
2026-10-10 7:15,"1,129,034,303.00",직L)뉴트리코어 난각막DEM 6박스,보조상품,김우재,1,2026-10-10 7:15
2026-10-10 8:15,"1,134,314,562.00",앱) 프로9개월+플러스10포x6,주상품,김승아,1,2026-10-10 8:15
2026-10-10 8:15,"1,061,229,354.00",비에날씬 프로 6개월,보조상품,김승아,1,2026-10-10 8:15
2026-10-10 8:15,"1,061,229,467.00",비에날씬 프로 3개월,보조상품,김승아,1,2026-10-10 8:15
2026-10-10 8:15,"1,039,821,962.00",별) 모바일 신세계상품권 5만원,사은품,김승아,,2026-10-10 8:15
2026-10-10 9:20,"1,135,840,096.00",로보가죽트리밍크롭셔링점퍼,주상품,김지연,1,2026-10-10 9:20
2026-10-10 9:20,"1,134,989,664.00",로보 스웨이드 스커트,보조상품,김지연,1,2026-10-10 9:20
2026-10-10 9:20,"1,101,151,208.00",로보 스웨이드트렌치코트1종,보조상품,김지연,1,2026-10-10 9:20
2026-10-10 9:20,"1,126,641,998.00",MORGAN 누보 울캐시팬츠(프),주상품,오주현,2,2026-10-10 9:20
2026-10-10 9:20,"1,126,637,983.00",MORGAN 누보울캐시재킷(프),보조상품,오주현,2,2026-10-10 9:20
2026-10-10 9:20,"1,130,774,355.00",엔니튜드 울100 인타샤 니트,주상품,강솜이,3,2026-10-10 9:20
2026-10-10 9:20,"1,132,745,072.00",남)엔니튜드 울100 인타샤니트,보조상품,강솜이,3,2026-10-10 9:20
2026-10-10 9:20,"1,132,718,945.00",엔니튜드 도트 니트팬츠,보조상품,강솜이,3,2026-10-10 9:20
2026-10-10 9:20,"1,131,614,190.00",라삐아프 후드니트3종,주상품,윤준보,4,2026-10-10 9:20
2026-10-10 9:20,"1,135,841,488.00",라삐아프기모스트레이트데님1종,보조상품,윤준보,4,2026-10-10 9:20
2026-10-10 9:20,"1,131,616,245.00",라삐아프 기모누빔 피코트,보조상품,윤준보,4,2026-10-10 9:20
2026-10-10 9:20,"1,134,554,849.00",폴햄26FW퀼팅롱점퍼,주상품,백승민,5,2026-10-10 9:20
2026-10-10 9:20,"1,134,552,661.00",폴햄26FW카라경량점퍼,보조상품,백승민,5,2026-10-10 9:20
2026-10-10 11:50,"1,122,260,474.00",아이다 리프팅팩_8BOX,주상품,이승아,1,2026-10-10 11:50
2026-10-10 11:50,"1,122,456,242.00",아이다 리프팅팩_3BOX,보조상품,이승아,1,2026-10-10 11:50
2026-10-10 11:50,"1,122,457,711.00",아이다 리프팅팩_1BOX,보조상품,이승아,1,2026-10-10 11:50
2026-10-10 12:50,"1,137,234,178.00",L)더파이 앰플클렌저_5통썬1,주상품,조혜진,1,2026-10-10 12:50
2026-10-10 12:50,"1,137,237,997.00",L)더파이 앰플클렌저_10통썬2,보조상품,조혜진,1,2026-10-10 12:50
2026-10-10 13:55,"1,120,866,149.00",L)씨아클라 바쎌_VVIP,주상품,박혜련,1,2026-10-10 13:55
2026-10-10 13:55,"1,137,322,123.00",L)씨아클라 바쎌_원장님반대3,보조상품,박혜련,1,2026-10-10 13:55
2026-10-10 13:55,"1,125,823,694.00",L)씨아클라 바쎌_입문,보조상품,박혜련,1,2026-10-10 13:55
2026-10-10 15:05,"1,136,879,888.00",L)릴리이브 골드 두피앰플5+트1,주상품,이아란,1,2026-10-10 15:05
2026-10-10 15:05,"1,133,394,067.00",L)릴리이브 골드 두피앰플 2개,보조상품,이아란,1,2026-10-10 15:05
2026-10-10 15:05,"1,130,960,687.00",L)릴리이브 골드 두피앰플 1개,보조상품,이아란,1,2026-10-10 15:05
2026-10-10 16:10,"1,095,396,557.00",캐롤 마스크 이드라덤_동지현,주상품,이다희,1,2026-10-10 16:10
2026-10-10 16:10,"1,095,396,613.00",캐롤 마스크 이드라덤_단품,보조상품,이다희,1,2026-10-10 16:10
2026-10-10 17:25,"1,136,125,288.00",L퍼실맥스4+3+프+브+300+카트,주상품,김휘영,1,2026-10-10 17:25
2026-10-10 18:35,"1,137,715,698.00",롯데관광 효고 교토 상담,주상품,오세찬,1,2026-10-10 18:35
2026-10-10 19:25,"1,134,135,275.00",L갓바디 바바브라3종,주상품,임지예,1,2026-10-10 19:25
2026-10-10 19:25,"1,134,136,002.00",L갓바디 바바팬티6종,보조상품,임지예,1,2026-10-10 19:25
2026-10-10 19:25,"1,125,344,636.00",L갓바디 브라탑 2종,보조상품,임지예,1,2026-10-10 19:25
2026-10-10 19:25,"1,125,345,918.00",L갓바디 네모 2차 3종,보조상품,임지예,1,2026-10-10 19:25
2026-10-10 19:25,"1,109,094,072.00",L갓바디 남착팬티 3종,보조상품,임지예,1,2026-10-10 19:25
2026-10-10 20:30,"1,137,151,851.00",노랑풍선 중남미 상담예약,주상품,박찬우,1,2026-10-10 20:30
2026-10-10 21:35,"1,130,331,734.00",코어어센틱 레터링 풀오버 2종,주상품,임재원,1,2026-10-10 21:35
2026-10-10 21:35,"1,130,332,492.00",코어어센틱 리얼 레더 버뮤다,보조상품,임재원,1,2026-10-10 21:35
2026-10-10 21:35,"1,130,332,887.00",코어어센틱 리얼 레더 스커트,보조상품,임재원,1,2026-10-10 21:35
2026-10-10 21:35,"1,130,179,649.00",코어어센틱 후드 야상 재킷,주상품,임재원,2,2026-10-10 21:35
2026-10-10 21:35,"1,130,178,704.00",코어어센틱 볼륨와이드 트라우저,보조상품,임재원,2,2026-10-10 21:35
2026-10-10 21:35,"1,130,181,211.00",코어어센틱 캐시니트 가디건 2종,주상품,임재원,3,2026-10-10 21:35
2026-10-10 21:35,"1,130,178,389.00",코어어센틱 스트레이트레그 데님,보조상품,임재원,3,2026-10-10 21:35
2026-10-10 21:35,"1,130,180,286.00",코어어센틱 니트 패딩 베스트,주상품,임재원,4,2026-10-10 21:35
2026-10-10 21:35,"1,130,179,961.00",코어어센틱 울 하이넥 탑 3종,보조상품,임재원,4,2026-10-10 21:35
2026-10-10 21:35,"1,132,129,776.00",코어어센틱 사이드 패널 데님,보조상품,임재원,4,2026-10-10 21:35
2026-10-10 21:35,"1,130,177,116.00",코어어센틱 릴렉스핏 블레이저,주상품,임재원,5,2026-10-10 21:35
2026-10-10 21:35,"1,130,178,155.00",코어어센틱 실크 V넥 니트 3종,보조상품,임재원,5,2026-10-10 21:35
2026-10-10 21:35,"1,130,177,868.00",코어어센틱 크롭 배럴 트라우저,보조상품,임재원,5,2026-10-10 21:35
2026-10-11 0:05,"1,128,106,319.00",분트로이 NEW 플렉슈라 셔츠 2종,주상품,손민정,1,2026-10-11 0:05
2026-10-11 0:05,"1,128,102,384.00",분트로이 스트레치 턱팬츠 1종,보조상품,손민정,1,2026-10-11 0:05
2026-10-11 0:05,"1,128,106,724.00",분트로이 시어 롱슬리브 4종,보조상품,손민정,1,2026-10-11 0:05
2026-10-11 0:05,"1,137,406,310.00",분트로이여)웜플렉스팬츠,주상품,황미경,2,2026-10-11 0:05
2026-10-11 0:05,"1,128,106,166.00",분트로이 야상재킷,보조상품,손민정,2,2026-10-11 0:05
2026-10-11 1:05,"1,128,223,881.00",L)종근당 락토핏 맥스19 6+2통,주상품,최지은,1,2026-10-11 1:05
2026-10-11 6:00,"1,135,394,455.00",남)빌트모아 셔츠3종,주상품,김은태,1,2026-10-11 6:00
2026-10-11 6:45,"1,101,961,477.00",L_뉴온 매직키드 6박스,주상품,임형모,1,2026-10-11 6:45
2026-10-11 6:45,"1,103,318,789.00",L_뉴온 매직키드 3박스,보조상품,임형모,1,2026-10-11 6:45
2026. 10. 11 7:50,"1,110,348,998.00",비에날씬프로9개월+플러스10포x6,주상품,김승아,1,2026-10-11 7:50
2026-10-11 7:50,"1,061,229,354.00",비에날씬 프로 6개월,보조상품,김승아,1,2026-10-11 7:50
2026-10-11 7:50,"1,061,229,467.00",비에날씬 프로 3개월,보조상품,김승아,1,2026-10-11 7:50
2026-10-11 8:50,"1,107,928,676.00",직)콘드로이친12BOX+오메가2BOX,주상품,고근호,1,2026-10-11 8:50
2026-10-11 8:50,"1,048,083,327.00",직) 관절엔 콘드로이친1200 8개,보조상품,고근호,1,2026-10-11 8:50
2026-10-11 8:50,"1,048,082,713.00",직) 관절엔 콘드로이친1200 4개,보조상품,고근호,1,2026-10-11 8:50
2026-10-11 10:00,"1,133,273,651.00",테팔 에어로스팀S DT9322K0,주상품,김수홍,1,2026-10-11 10:00
2026-10-11 11:15,"1,137,729,874.00",1011)체인반지세트,주상품,김가은,1,2026-10-11 11:15
2026-10-11 11:15,"1,137,806,678.00",1011)클로버귀걸이,보조상품,김가은,1,2026-10-11 11:15
2026-10-11 11:15,"1,137,807,080.00",1011)H목걸이(BIG),보조상품,김가은,1,2026-10-11 11:15
2026-10-11 11:15,"1,137,813,027.00",1011)샤인볼팔찌,보조상품,김가은,1,2026-10-11 11:15
2026-10-11 11:15,"1,137,816,322.00",1011)샤인볼목걸이,보조상품,김가은,1,2026-10-11 11:15
2026-10-11 11:15,"1,137,817,841.00",1011)루나볼목걸이,보조상품,김가은,1,2026-10-11 11:15
2026-10-11 11:15,"1,137,819,763.00",1011)루나볼팔찌,보조상품,김가은,1,2026-10-11 11:15
2026-10-11 11:15,"1,137,821,685.00",1011)커브팔찌,보조상품,김가은,1,2026-10-11 11:15
2026-10-11 11:15,"1,137,824,325.00",1011)체인반지,보조상품,김가은,1,2026-10-11 11:15
2026-10-11 11:15,"1,137,825,725.00",1011)순금펜던트목걸이,보조상품,김가은,1,2026-10-11 11:15
2026-10-11 12:30,"1,110,348,998.00",비에날씬프로9개월+플러스10포x6,주상품,김승아,1,2026-10-11 12:30
2026-10-11 12:30,"1,061,229,354.00",비에날씬 프로 6개월,보조상품,김승아,1,2026-10-11 12:30
2026-10-11 12:30,"1,061,229,467.00",비에날씬 프로 3개월,보조상품,김승아,1,2026-10-11 12:30
2026-10-11 13:45,"1,137,717,025.00",맥스클리닉 더블트러플_VIP15,주상품,이승은,1,2026-10-11 13:45
2026-10-11 13:45,"1,104,120,345.00",M)맥스클리닉 더블트러플_단품,보조상품,이승은,1,2026-10-11 13:45
2026-10-11 14:55,"1,134,699,405.00",L)마데카멜라토닝샷_대14중6,주상품,조혜진,1,2026-10-11 14:55
2026-10-11 14:55,"1,134,699,218.00",L)마데카 멜라토닝샷_대7중3,보조상품,조혜진,1,2026-10-11 14:55
2026-10-11 16:05,"1,095,501,320.00",L_보넬드 당근주스 1L X 12병,주상품,모용길,1,2026-10-11 16:05
2026-10-11 17:15,"1,135,936,196.00",L)샤크로봇청소기RVD120XKRWH,주상품,김보경,1,2026-10-11 17:15
2026-10-11 17:15,"1,137,741,448.00",사)샤크 핸디무선청소기_WV270KR,사은품,김보경,,2026-10-11 17:15
2026-10-11 18:20,"1,137,514,886.00",하나투어 서유럽 상담예약,주상품,정지윤,1,2026-10-11 18:20
2026-10-11 19:25,"1,107,141,294.00",L)다비치 노안솔루션 상담예약,주상품,김준태,1,2026-10-11 19:25
2026-10-11 20:30,"1,116,792,698.00",여)스케쳐스26FW밀리언에어,주상품,김세연,1,2026-10-11 20:30
2026-10-11 20:30,"1,116,908,590.00",남)스케쳐스26FW우노워킹화,보조상품,김세연,1,2026-10-11 20:30
2026-10-11 21:35,"1,134,766,705.00",L)바디프랜드 다빈치AI PRO 렌탈,주상품,이상우,1,2026-10-11 21:35
2026-10-11 22:40,"1,137,228,939.00",신)셀폰즈 녹는실앰플_오_15주분,주상품,이승아,1,2026-10-11 22:40
2026-10-11 22:40,"1,137,235,264.00",신)셀폰즈 녹는실앰플_오_31주분,보조상품,이승아,1,2026-10-11 22:40
2026-10-11 22:40,"1,093,220,336.00",셀폰즈 녹는실 앰플 1BOX,보조상품,이승아,1,2026-10-11 22:40
2026-10-12 1:00,"1,134,106,913.00",나에게맞춘플러스간편건강보험,주상품,마선화,1,2026-10-12 1:00
2026-10-12 6:15,"1,134,720,150.00",L)일월 블랙다이아 26년형 S,주상품,김수홍,1,2026-10-12 6:15
2026-10-12 6:15,"1,134,722,000.00",L)일월 블랙다이아 26년형 D,보조상품,김수홍,1,2026-10-12 6:15
2026-10-12 6:15,"1,134,722,487.00",L)일월 블랙다이아 26년형 S+S,보조상품,김수홍,1,2026-10-12 6:15
2026-10-12 6:15,"1,134,724,834.00",L)일월 블랙다이아 26년형 S+D,보조상품,김수홍,1,2026-10-12 6:15
2026-10-12 6:15,"1,134,726,462.00",L)일월 블랙다이아 26년형 D+D,보조상품,김수홍,1,2026-10-12 6:15
2026-10-12 7:15,"1,137,210,838.00",L)AHC 엑스퍼트N_12종_비타3,주상품,한승훈,1,2026-10-12 7:15
2026-10-12 8:15,"1,133,268,712.00",라삐아프 울텐셀하이넥탑 4종,주상품,윤준보,1,2026-10-12 8:15
2026-10-12 8:15,"1,135,840,783.00",라삐아프투턱루즈핏슬랙스,보조상품,윤준보,1,2026-10-12 8:15
2026-10-12 8:15,"1,131,629,594.00",라삐아프 시어스트라이프가디건,보조상품,윤준보,1,2026-10-12 8:15
2026-10-12 8:15,"1,133,203,028.00",라삐아프 기모코듀로이팬츠 2종,주상품,윤준보,2,2026-10-12 8:15
2026-10-12 8:15,"1,131,616,245.00",라삐아프 기모누빔 피코트,보조상품,윤준보,2,2026-10-12 8:15
2026-10-12 8:15,"1,131,614,190.00",라삐아프 후드니트3종,보조상품,윤준보,2,2026-10-12 8:15
2026-10-12 8:15,"1,130,819,573.00",디페 기모 집업 셋업 2종,주상품,배희원,3,2026-10-12 8:15
2026-10-12 8:15,"1,129,231,811.00",디페 헨리넥 티셔츠 3종,주상품,배희원,4,2026-10-12 8:15
2026-10-12 8:15,"1,130,023,965.00",디페 데님 와이드 팬츠 2종,보조상품,배희원,4,2026-10-12 8:15
2026-10-12 8:15,"1,130,961,853.00",디페 어텀 퀼팅 점퍼,보조상품,배희원,4,2026-10-12 8:15
2026-10-12 10:25,"1,137,740,839.00",더마콜라겐 바이탈 리포좀C 8+4,주상품,여민수,1,2026-10-12 10:25
2026-10-12 10:25,"1,137,741,236.00",더마콜라겐 바이탈 리포좀C 6,보조상품,여민수,1,2026-10-12 10:25
2026-10-12 10:25,"1,137,762,397.00",별)포트메리온 접시2p+머그2p,사은품,여민수,,2026-10-12 10:25
2026-10-12 11:35,"1,118,141,047.00",리에노_미스트5,주상품,한승훈,1,2026-10-12 11:35
2026-10-12 11:35,"1,118,140,759.00",리에노_미스트10,보조상품,한승훈,1,2026-10-12 11:35
2026-10-12 12:35,"1,134,470,706.00",신한 케어받는암보험,주상품,백지원,1,2026-10-12 12:35
2026-10-12 13:35,"1,105,928,479.00",L_코웨이 아이콘 정수기 3,주상품,김세훈,1,2026-10-12 13:35
2026-10-12 14:35,"1,137,411,315.00","L)피지20입x6,5입x6,울세제x1",주상품,최도연,1,2026-10-12 14:35
2026-10-12 14:35,"1,125,729,147.00",피지모락셀라캡슐 20입x4,보조상품,최도연,1,2026-10-12 14:35
2026-10-12 15:35,"94,387,286.00",덴마크유산균이야기 시즌3 6병_3,주상품,오소연,1,2026-10-12 15:35
2026-10-12 15:35,"1,097,193,445.00",덴마크유산균이야기 시즌3 1병,보조상품,오소연,1,2026-10-12 15:35
2026-10-12 16:35,"1,118,583,171.00",L)뉴트리코어코큐텐앰플4박스_02,주상품,안초록,1,2026-10-12 16:35
2026-10-12 16:35,"1,109,488,670.00",L)뉴트리코어 코큐텐앰플 1박스,보조상품,안초록,1,2026-10-12 16:35
2026-10-12 17:35,"1,108,238,119.00",L)가시제거순살고등어700g3봉,주상품,이해빈,1,2026-10-12 17:35
2026-10-12 18:35,"1,062,958,527.00",L종가_중부식 포기 10.4kg,주상품,류재은,1,2026-10-12 18:35
2026-10-12 18:35,"1,062,962,121.00",L종가_전라도 포기 10.4kg,보조상품,류재은,1,2026-10-12 18:35
2026-10-12 18:35,"1,062,966,075.00",L종가중부5.2kg전라5.2kg,보조상품,류재은,1,2026-10-12 18:35
2026-10-12 19:35,"1,137,650,008.00",L)부스글로우핑+PDRN젤2+케이스,주상품,최수연,1,2026-10-12 19:35
2026-10-12 19:35,"1,137,650,279.00",L)부스글로우그+PDRN젤2+케이스,보조상품,최수연,1,2026-10-12 19:35
2026-10-12 20:45,"1,137,759,554.00",모두투어 튀르키예 상담예약,주상품,박찬우,1,2026-10-12 20:45
2026-10-12 21:45,"1,135,166,086.00",L)뉴퓨레어 탈취제 더블(케이스),주상품,윤승현,1,2026-10-12 21:45
2026-10-12 21:45,"1,132,127,149.00",L)뉴 퓨레어 탈취제 싱글,보조상품,윤승현,1,2026-10-12 21:45
2026-10-12 22:55,"1,137,245,399.00",카본매트 KMF-21(싱글),주상품,김민수,1,2026-10-12 22:55
2026-10-12 22:55,"1,137,245,612.00",카본매트 KMF-22(퀸),보조상품,김민수,1,2026-10-12 22:55
2026-10-12 22:55,"1,137,245,686.00",카본매트 KMF-23(킹),보조상품,김민수,1,2026-10-12 22:55
2026-10-12 22:55,"1,137,245,733.00",카본매트 KMF-21(싱글)+22(퀸),보조상품,김민수,1,2026-10-12 22:55
2026-10-12 22:55,"1,137,245,775.00",카본매트 KMF-22(퀸)+22(퀸),보조상품,김민수,1,2026-10-12 22:55
2026-10-12 22:55,"1,137,245,810.00",카본매트 KMF-21(싱글)+23(킹),보조상품,김민수,1,2026-10-12 22:55
2026-10-12 22:55,"1,137,897,195.00",배)카본매트 KMF-22(퀸),사은품,김민수,,2026-10-12 22:55
2026-10-12 22:55,"1,137,897,195.00",배)카본매트 KMF-22(퀸),사은품,김민수,,2026-10-12 22:55
2026-10-12 22:55,"1,137,897,285.00",배)카본매트 KMF-23(킹),사은품,김민수,,2026-10-12 22:55
2026-10-12 23:55,"1,137,728,327.00",L)대웅멜라_앰30ml2_15ml4_포크1,주상품,유승원,1,2026-10-12 23:55
2026-10-12 23:55,"1,137,728,447.00",L)대웅멜라_앰30ml4_15ml8_포크2,보조상품,유승원,1,2026-10-12 23:55
2026-10-13 1:00,"1,101,748,451.00",카라고 자동차 구매이용 솔루션,주상품,전우정,1,2026-10-13 1:00
2026-10-13 6:15,"1,101,273,286.00",L)공주부양매니아6+50mlx2+오일1,주상품,윤나래,1,2026-10-13 6:15
2026-10-13 6:15,"1,077,165,814.00",가히 공주부양 기본_500mlx3,보조상품,박정이,1,2026-10-13 6:15
2026-10-13 6:15,"1,077,165,947.00",가히 공주부양 단품_500ml,보조상품,박정이,1,2026-10-13 6:15
2026-10-13 7:15,"10,492,464.00",[동양]암-실속하나로암보험,주상품,마선화,1,2026-10-13 7:15
2026-10-13 8:15,"1,133,552,008.00",쏘울 로얄 캐시울100 인타샤니트,주상품,박경영,1,2026-10-13 8:15
2026-10-13 8:15,"1,133,548,433.00",쏘울 울 저지 더블 재킷,보조상품,박경영,1,2026-10-13 8:15
2026-10-13 8:15,"1,133,549,785.00",쏘울 로얄 캐시울100 가디건,보조상품,박경영,1,2026-10-13 8:15
2026-10-13 8:15,"1,133,328,135.00",쏘울 소모 캐시100 반팔 니트,보조상품,박경영,1,2026-10-13 8:15
2026-10-13 8:15,"1,133,314,362.00",쏘울 멜팅 캐시100 머플러,보조상품,박경영,1,2026-10-13 8:15
2026-10-13 8:15,"1,134,989,626.00",로보 스웨이드테일러드하프재킷,주상품,김지연,2,2026-10-13 8:15
2026-10-13 8:15,"1,134,989,664.00",로보 스웨이드 스커트,보조상품,김지연,2,2026-10-13 8:15
2026-10-13 8:15,"1,134,989,650.00",(남)로보 스웨이드아웃포켓점퍼,보조상품,김지연,2,2026-10-13 8:15
2026-10-13 8:15,"1,122,418,754.00",버버리 메들리 재킷,주상품,신민영,3,2026-10-13 8:15
2026-10-13 8:15,"1,133,685,889.00",버버리 옥스클로즈 후드 트렌치,보조상품,신민영,3,2026-10-13 8:15
2026-10-13 8:15,"1,135,678,405.00",버버리 BARN 퀼팅재킷,보조상품,신민영,3,2026-10-13 8:15
2026-10-13 8:15,"1,137,755,926.00",버버리 헤밍필드 후드자켓,보조상품,신민영,3,2026-10-13 8:15
2026-10-13 8:15,"1,137,759,996.00",버버리 위틀리 다운 롱 패딩,보조상품,신민영,3,2026-10-13 8:15
2026-10-13 8:15,"1,079,013,548.00",버버리 뉴클래식 스퀘어 스카프,보조상품,신민영,3,2026-10-13 8:15
2026-10-13 8:15,"1,102,020,695.00",지방시 4G 울실크 머플러,보조상품,신민영,3,2026-10-13 8:15
2026-10-13 8:15,"1,133,694,083.00",구찌 울실크 머플러,보조상품,신민영,3,2026-10-13 8:15
2026-10-13 8:15,"1,136,828,572.00",SF1035SLB페라가모 선글라스,보조상품,신민영,3,2026-10-13 8:15
2026-10-13 8:15,"1,077,857,748.00",버버리 햄프셔 체크 크로스백,보조상품,백장미,3,2026-10-13 8:15
2026-10-13 8:15,"1,137,897,143.00",구찌 엠블럼 스몰 숄더백,보조상품,신민영,3,2026-10-13 8:15
2026-10-13 8:15,"1,137,896,457.00",버버리 밀리 크로스백,보조상품,신민영,3,2026-10-13 8:15
2026-10-13 8:15,"1,137,898,347.00",아페쎄 A.P.C. 베티 크로스백,보조상품,신민영,3,2026-10-13 8:15
2026-10-13 8:15,"1,092,947,232.00",베라왕 CLEA 울실크스카프,보조상품,강서현,3,2026-10-13 8:15
2026-10-13 8:15,"1,135,925,355.00",사은품_로보크로커다일패턴벨트,사은품,김지연,,2026-10-13 8:15
2026-10-13 10:25,"1,136,313,309.00",L)매스티나에디션1앰4체4,주상품,김태훈,1,2026-10-13 10:25
2026-10-13 10:25,"1,129,317,169.00",L)매스티나코어_특대1,보조상품,김태훈,1,2026-10-13 10:25
2026-10-13 11:35,"1,131,151,088.00",직L)하이퍼셀 대마종자유 18박스,주상품,김우재,1,2026-10-13 11:35
2026-10-13 11:35,"1,131,151,363.00",직L)하이퍼셀 대마종자유 6박스,보조상품,김우재,1,2026-10-13 11:35
2026-10-13 12:35,"1,137,408,691.00",L)울메이드 양모이불 세트 K,주상품,이희직,1,2026-10-13 12:35
2026-10-13 12:35,"1,137,408,995.00",L)울메이드 양모이불 세트 Q,보조상품,이희직,1,2026-10-13 12:35
2026-10-13 12:35,"1,137,409,183.00",L)울메이드양모이불세트SS,보조상품,이희직,1,2026-10-13 12:35
2026-10-13 13:35,"1,129,265,997.00",L)덴티백 PRO 14병(홈전용),주상품,정현진,1,2026-10-13 13:35
2026-10-13 13:35,"1,129,266,647.00",L)덴티백 PRO 7병(홈전용),보조상품,정현진,1,2026-10-13 13:35
2026-10-13 14:35,"1,061,593,956.00",L)울트라콤팩트4팩+15입1팩,주상품,최도연,1,2026-10-13 14:35
2026-10-13 15:35,"1,130,690,471.00",코이 리프팅앰플5+중2+워시_E,주상품,김예진,1,2026-10-13 15:35
2026-10-13 15:35,"1,129,829,584.00",코이리프팅앰플VIP(10개+괄사)_E,보조상품,김예진,1,2026-10-13 15:35
2026-10-13 15:35,"1,130,349,485.00",코이 리프팅앰플 35ml 1개_E,보조상품,김예진,1,2026-10-13 15:35
2026-10-13 15:35,"1,054,038,387.00",코이 마이크로 파우더워시1개,보조상품,김예진,1,2026-10-13 15:35
2026-10-13 16:35,"1,001,680,265.00",질경이 모닝 젤워시 기본_1,주상품,문세린,1,2026-10-13 16:35
2026-10-13 16:35,"1,016,067,232.00",질경이 모닝 젤워시 3개_1,보조상품,문세린,1,2026-10-13 16:35
2026-10-13 16:35,"1,004,506,799.00",질경이 모닝 젤워시 단품,보조상품,문세린,1,2026-10-13 16:35
2026-10-13 17:35,"1,135,930,310.00",방송_해피한 자유숙박권 7박,주상품,정지윤,1,2026-10-13 17:35
2026-10-13 18:35,"1,137,836,327.00",라이브박스 브이스팀 행거세트,주상품,김수홍,1,2026-10-13 18:35
2026-10-13 19:35,"1,137,510,618.00",L)AGE20S_골드볼륨샷_미니팩트,주상품,문세린,1,2026-10-13 19:35
2026-10-13 19:35,"1,137,511,105.00",L)AGE20S_골드볼륨샷_미니(매),보조상품,문세린,1,2026-10-13 19:35
2026-10-13 20:45,"1,137,269,722.00",방송중)쿡셀 홀로그램패키지1013,주상품,이혜란,1,2026-10-13 20:45
2026-10-13 21:45,"1,126,641,998.00",MORGAN 누보 울캐시팬츠(프),주상품,오주현,1,2026-10-13 21:45
2026-10-13 21:45,"1,126,637,983.00",MORGAN 누보울캐시재킷(프),보조상품,오주현,1,2026-10-13 21:45
2026-10-13 21:45,"1,126,643,114.00",MORGAN 울캐시실크 가디건(프),보조상품,오주현,1,2026-10-13 21:45
2026-10-13 21:45,"1,126,643,950.00",MORGAN 울캐시실크 풀오버(프),보조상품,오주현,1,2026-10-13 21:45
2026-10-13 21:45,"1,124,187,392.00",MORGAN 울캐시스카프(프),보조상품,오주현,1,2026-10-13 21:45
2026-10-13 21:45,"1,126,635,799.00",MORGAN FAUXFUR후드베스트,주상품,오주현,2,2026-10-13 21:45
2026-10-13 21:45,"1,126,633,905.00",MORGAN 울실크풀오버3종,보조상품,오주현,2,2026-10-13 21:45
2026-10-13 21:45,"1,126,683,827.00",MORGAN 윈터핀턱팬츠,보조상품,오주현,2,2026-10-13 21:45
2026-10-13 21:45,"1,126,684,771.00",MORGAN 브이넥니트+숏머플러,주상품,오주현,3,2026-10-13 21:45
2026-10-13 21:45,"1,126,773,291.00",MORGAN 셔닐데님무드슬랙스,보조상품,오주현,3,2026-10-13 21:45
2026-10-13 21:45,"1,126,682,755.00",MORGAN 아틀리에트윌울재킷,보조상품,오주현,3,2026-10-13 21:45
2026-10-13 21:45,"1,124,125,531.00",MORGAN 26 FAUX 스웨이드셔츠,주상품,오주현,4,2026-10-13 21:45
2026-10-13 21:45,"1,124,126,604.00",MORGAN 에센셜 가디건 3종,보조상품,오주현,4,2026-10-13 21:45
2026-10-13 21:45,"1,124,126,956.00",MORGAN 컴포트 밴딩팬츠3종,보조상품,오주현,4,2026-10-13 21:45
2026-10-13 21:45,"1,124,186,803.00",MORGAN 레이스 새틴스커트,보조상품,오주현,4,2026-10-13 21:45
2026-10-13 23:55,"1,121,830,078.00",L)엑소프록실맥스100앰플_기_02,주상품,안초록,1,2026-10-13 23:55
2026-10-13 23:55,"1,121,829,657.00",L)엑소프록실맥스100앰플_더_02,보조상품,안초록,1,2026-10-13 23:55
2026-10-13 23:55,"1,117,625,620.00",단)엑소프록실맥스100앰플_40ml,보조상품,안초록,1,2026-10-13 23:55
2026-10-14 1:00,"1,134,720,150.00",L)일월 블랙다이아 26년형 S,주상품,김수홍,1,2026-10-14 1:00
2026-10-14 1:00,"1,134,722,000.00",L)일월 블랙다이아 26년형 D,보조상품,김수홍,1,2026-10-14 1:00
2026-10-14 1:00,"1,134,722,487.00",L)일월 블랙다이아 26년형 S+S,보조상품,김수홍,1,2026-10-14 1:00
2026-10-14 1:00,"1,134,724,834.00",L)일월 블랙다이아 26년형 S+D,보조상품,김수홍,1,2026-10-14 1:00
2026-10-14 1:00,"1,134,726,462.00",L)일월 블랙다이아 26년형 D+D,보조상품,김수홍,1,2026-10-14 1:00
2026-10-14 6:15,"1,129,034,101.00",직L)뉴트리코어난각막DEM 12박스,주상품,김우재,1,2026-10-14 6:15
2026-10-14 6:15,"1,129,034,303.00",직L)뉴트리코어 난각막DEM 6박스,보조상품,김우재,1,2026-10-14 6:15
2026-10-14 7:15,"1,123,415,661.00",원스톱프리미엄암보험_치료비,주상품,백지원,1,2026-10-14 7:15
2026-10-14 8:15,"1,135,516,984.00",슈올즈 포브_여,주상품,오미애,1,2026-10-14 8:15
2026-10-14 8:15,"1,135,521,575.00",슈올즈 포브_남,보조상품,오미애,1,2026-10-14 8:15
2026-10-14 9:25,"1,102,768,910.00",L)웰라쥬 시즌4_VIP원데이,주상품,박혜련,1,2026-10-14 9:25
2026-10-14 9:25,"1,102,769,433.00",L)웰라쥬 시즌4_365패키지,보조상품,박혜련,1,2026-10-14 9:25
2026-10-14 9:25,"1,076,830,699.00",L)웰라쥬 시즌4_기본,보조상품,박혜련,1,2026-10-14 9:25
2026-10-14 10:25,"1,127,506,884.00",쏘내추럴 코듀로이 후드 점퍼,주상품,박경영,1,2026-10-14 10:25
2026-10-14 10:25,"1,128,882,857.00",쏘내추럴파인울100니트2종,보조상품,박경영,1,2026-10-14 10:25
2026-10-14 10:25,"1,127,502,504.00",쏘내추럴피그먼트커브드데님,보조상품,박경영,1,2026-10-14 10:25
2026-10-14 10:25,"1,128,810,732.00",26FW쏘내추럴이태리울100가디건,주상품,박경영,2,2026-10-14 10:25
2026-10-14 10:25,"1,127,502,006.00",쏘내추럴 스모킹 자수 블라우스,보조상품,박경영,2,2026-10-14 10:25
2026-10-14 10:25,"1,127,501,372.00",26FW쏘내추럴피그먼트워시드팬츠,보조상품,박경영,2,2026-10-14 10:25
2026-10-14 11:35,"1,104,929,041.00",비에날씬 프로9개월+슬림10포x3,주상품,김승아,1,2026-10-14 11:35
2026-10-14 11:35,"1,061,229,354.00",비에날씬 프로 6개월,보조상품,김승아,1,2026-10-14 11:35
2026-10-14 11:35,"1,061,229,467.00",비에날씬 프로 3개월,보조상품,김승아,1,2026-10-14 11:35
2026-10-14 12:35,"1,102,519,298.00",L)알티지오메가D 16박스+이뮨샷8,주상품,최지은,1,2026-10-14 12:35
2026-10-14 12:35,"1,092,978,787.00",L)NEW 알티지오메가D 6박스,보조상품,최지은,1,2026-10-14 12:35
2026-10-14 13:35,"1,108,582,787.00",라_헤르젠쌀냉장고 AI PLUS 21KG,주상품,이호형,1,2026-10-14 13:35
2026-10-14 13:35,"1,108,583,015.00",라_헤르젠쌀냉장고 AI PLUS 11KG,보조상품,이호형,1,2026-10-14 13:35
2026-10-14 13:35,"1,108,599,963.00",사)헤르젠 스텐 찜기마스터,사은품,이호형,,2026-10-14 13:35
2026-10-14 13:35,"1,108,599,963.00",사)헤르젠 스텐 찜기마스터,사은품,이호형,,2026-10-14 13:35
2026-10-14 14:35,"1,133,790,014.00",L26 게스 FW브라티 3종,주상품,이윤지,1,2026-10-14 14:35
2026-10-14 15:35,"1,051,750,404.00",휴롬 착즙기 H-420,주상품,염미은,1,2026-10-14 15:35
2026-10-14 16:35,"1,137,815,745.00",하이뮨 알파12캔+블루베리3박,주상품,이상훈,1,2026-10-14 16:35
2026-10-14 16:35,"1,124,302,077.00",하이뮨 알파6캔,보조상품,이상훈,1,2026-10-14 16:35
2026-10-14 18:35,"1,119,103,148.00",제이슨우26FW실크코튼V넥니트3종,주상품,서보석,1,2026-10-14 18:35
2026-10-14 18:35,"1,123,537,012.00",제이슨우26FWFAUX레더재킷,보조상품,서보석,1,2026-10-14 18:35
2026-10-14 18:35,"1,117,454,963.00",제이슨우 26FW 커브드 슬랙스,보조상품,서보석,1,2026-10-14 18:35
2026-10-14 18:35,"1,117,460,296.00",롱)제이슨우 26FW 커브드 슬랙스,보조상품,서보석,1,2026-10-14 18:35
2026-10-14 18:35,"1,118,863,809.00",제이슨우26FW레이어드풀오버3종,주상품,서보석,2,2026-10-14 18:35
2026-10-14 18:35,"1,117,453,126.00",제이슨우 26FW 어텀 에센셜 재킷,보조상품,서보석,2,2026-10-14 18:35
2026-10-14 18:35,"1,128,329,647.00",제이슨우 26FW 케이블 니트 2종,주상품,서보석,3,2026-10-14 18:35
2026-10-14 18:35,"1,131,705,424.00",제이슨우26FW부클테디재킷,보조상품,서보석,3,2026-10-14 18:35
2026-10-14 18:35,"1,118,885,398.00",제이슨우 26FW 라운드 턱팬츠,보조상품,서보석,3,2026-10-14 18:35
2026-10-14 18:35,"1,118,887,185.00",롱)제이슨우 26FW 라운드 턱팬츠,보조상품,서보석,3,2026-10-14 18:35
2026-10-14 18:35,"1,126,062,564.00",제이슨우26FWFAUX스웨이드스커트,보조상품,서보석,3,2026-10-14 18:35
2026-10-14 18:35,"1,128,329,508.00",제이슨우 26FW 윈터 가디건 3종,주상품,서보석,4,2026-10-14 18:35
2026-10-14 18:35,"1,125,608,874.00",제이슨우26FW커프스T블라우스3종,보조상품,서보석,4,2026-10-14 18:35
2026-10-14 18:35,"1,130,822,547.00",제이슨우 26FW 기모 데님,보조상품,서보석,4,2026-10-14 18:35
2026-10-14 18:35,"1,130,823,074.00",롱)제이슨우 26FW 기모 데님,보조상품,서보석,4,2026-10-14 18:35
2026-10-14 20:45,"1,116,794,476.00",여)스케쳐스26FW우노워킹화,주상품,김세연,1,2026-10-14 20:45
2026-10-14 20:45,"1,116,908,590.00",남)스케쳐스26FW우노워킹화,보조상품,김세연,1,2026-10-14 20:45
2026-10-14 21:45,"1,137,857,533.00",1014)하트열쇠목걸이,주상품,김가은,1,2026-10-14 21:45
2026-10-14 22:55,"1,134,720,150.00",L)일월 블랙다이아 26년형 S,주상품,김수홍,1,2026-10-14 22:55
2026-10-14 22:55,"1,134,722,000.00",L)일월 블랙다이아 26년형 D,보조상품,김수홍,1,2026-10-14 22:55
2026-10-14 22:55,"1,134,722,487.00",L)일월 블랙다이아 26년형 S+S,보조상품,김수홍,1,2026-10-14 22:55
2026-10-14 22:55,"1,134,724,834.00",L)일월 블랙다이아 26년형 S+D,보조상품,김수홍,1,2026-10-14 22:55
2026-10-14 22:55,"1,134,726,462.00",L)일월 블랙다이아 26년형 D+D,보조상품,김수홍,1,2026-10-14 22:55
2026-10-14 23:55,"1,137,508,497.00",L)블랑로더 립타투_핑3레2플1,주상품,조혜진,1,2026-10-14 23:55
2026-10-14 23:55,"1,137,864,607.00",L)블랑로더 립타투_핑6레4플2,보조상품,조혜진,1,2026-10-14 23:55
2026-10-14 23:55,"1,132,405,861.00",m)블랑로더 립타투_핑크,보조상품,조혜진,1,2026-10-14 23:55
2026-10-15 1:00,"1,097,358,120.00",라이필 시그니처RN 10+3박스,주상품,여민수,1,2026-10-15 1:00
2026-10-15 1:00,"1,097,360,515.00",라이필 시그니처RN 5박스,보조상품,여민수,1,2026-10-15 1:00
2026-10-15 6:00,"1,135,682,074.00",L_두뇌엔PS 맥스 플러스 10박스,주상품,안지원,1,2026-10-15 6:00
2026-10-15 6:00,"1,135,839,103.00",L_두뇌엔PS 맥스 플러스 6박스,보조상품,안지원,1,2026-10-15 6:00
2026-10-15 6:00,"1,135,839,589.00",L_두뇌엔PS 맥스 플러스 3박스,보조상품,안지원,1,2026-10-15 6:00
2026-10-15 7:15,"1,107,928,676.00",직)콘드로이친12BOX+오메가2BOX,주상품,고근호,1,2026-10-15 7:15
2026-10-15 7:15,"1,048,083,327.00",직) 관절엔 콘드로이친1200 8개,보조상품,고근호,1,2026-10-15 7:15
2026-10-15 7:15,"1,048,082,713.00",직) 관절엔 콘드로이친1200 4개,보조상품,고근호,1,2026-10-15 7:15
2026-10-15 8:15,"1,100,521,278.00",L)LK_코튼텐셀 침구,주상품,안재성,1,2026-10-15 8:15
2026-10-15 8:15,"1,100,521,414.00",L)SK_코튼텐셀 침구,보조상품,안재성,1,2026-10-15 8:15
2026-10-15 8:15,"1,100,521,442.00",L)Q_코튼텐셀 침구,보조상품,안재성,1,2026-10-15 8:15
2026-10-15 8:15,"1,100,521,478.00",L)SS_코튼텐셀 침구,보조상품,안재성,1,2026-10-15 8:15
2026-10-15 9:25,"1,137,837,623.00",L에스더리포좀NMN 16+피1+핸드크,주상품,오세진,1,2026-10-15 9:25
2026-10-15 9:25,"1,101,089,425.00",L)여에스더 리포좀 NMN 6박스,보조상품,오세진,1,2026-10-15 9:25
2026-10-15 9:25,"1,101,089,954.00",L)여에스더 리포좀 NMN 1박스,보조상품,오세진,1,2026-10-15 9:25
2026-10-15 10:25,"1,134,824,288.00",덴프스 덴티자일리톨 12+2박스,주상품,오소연,1,2026-10-15 10:25
2026-10-15 10:25,"1,135,118,285.00",덴프스 덴티자일리톨 6박스,보조상품,오소연,1,2026-10-15 10:25
2026-10-15 11:35,"1,093,296,908.00",L)파이토블락 코엔삼백초 12박,주상품,정현진,1,2026-10-15 11:35
2026-10-15 11:35,"1,070,700,504.00",L)파이토블락 코엔삼백초 6박스,보조상품,정현진,1,2026-10-15 11:35
2026-10-15 11:35,"1,072,398,567.00",L)파이토블락 코엔삼백초 3박,보조상품,정현진,1,2026-10-15 11:35
2026-10-15 12:35,"1,128,844,565.00",L)LG워시콤보스팀+미니워시,주상품,박재희,1,2026-10-15 12:35
2026-10-15 12:35,"1,128,857,491.00","L)LG워시콤보 FH25ES,GS",보조상품,박재희,1,2026-10-15 12:35
2026-10-15 12:35,"1,129,040,133.00",미)LG 트롬 미니워시,보조상품,박재희,1,2026-10-15 12:35
2026-10-15 13:35,"1,118,122,246.00",주영 HW3 12주+오메가3 2박스,주상품,고근호,1,2026-10-15 13:35
2026-10-15 13:35,"1,106,556,266.00",직)저분자유청펩타이드HW3 6주,보조상품,고근호,1,2026-10-15 13:35
2026-10-15 13:35,"1,106,216,206.00",직)저분자유청펩타이드HW3 2주,보조상품,고근호,1,2026-10-15 13:35
2026-10-15 14:35,"1,062,958,527.00",L종가_중부식 포기 10.4kg,주상품,류재은,1,2026-10-15 14:35
2026-10-15 14:35,"1,062,962,121.00",L종가_전라도 포기 10.4kg,보조상품,류재은,1,2026-10-15 14:35
2026-10-15 14:35,"1,062,966,075.00",L종가중부5.2kg전라5.2kg,보조상품,류재은,1,2026-10-15 14:35
2026-10-15 15:35,"1,050,098,870.00",L_루테인지아잔틴 164 GR 15박스,주상품,최진욱,1,2026-10-15 15:35
2026-10-15 15:35,"1,050,098,187.00",L_루테인지아잔틴 164 GR 10박스,보조상품,최진욱,1,2026-10-15 15:35
2026-10-15 15:35,"1,050,097,623.00",L_루테인지아잔틴 164 GR 5박스,보조상품,최진욱,1,2026-10-15 15:35
2026-10-15 16:35,"1,097,358,120.00",라이필 시그니처RN 10+3박스,주상품,여민수,1,2026-10-15 16:35
2026-10-15 16:35,"1,097,360,515.00",라이필 시그니처RN 5박스,보조상품,여민수,1,2026-10-15 16:35
2026-10-15 17:35,"1,133,155,181.00",L_에_정호영 낙지 11팩+소스11팩,주상품,김연희,1,2026-10-15 17:35
2026-10-15 18:35,"1,136,403,472.00",L)쿠쿠10인용CRP-CHASHS1015FGW,주상품,정한식,1,2026-10-15 18:35
2026-10-15 18:35,"1,136,401,902.00",L)쿠쿠10인용CRP-CHAS109FB,보조상품,정한식,1,2026-10-15 18:35
2026-10-15 18:35,"1,136,404,041.00",L)쿠쿠6인용CRP-DHASHS0615FGW,보조상품,정한식,1,2026-10-15 18:35
2026-10-15 18:35,"1,136,402,838.00",L)쿠쿠6인용 CRP-DHAS069FB,보조상품,정한식,1,2026-10-15 18:35
2026-10-15 18:35,"1,049,189,580.00",사)내솥(코팅)CRI-HS10H_10인,사은품,주민혁,,2026-10-15 18:35
2026-10-15 18:35,"1,049,189,580.00",사)내솥(코팅)CRI-HS10H_10인,사은품,주민혁,,2026-10-15 18:35
2026-10-15 18:35,"1,049,189,685.00",사)내솥(코팅)CRI-HS06H_6인,사은품,주민혁,,2026-10-15 18:35
2026-10-15 18:35,"1,049,189,685.00",사)내솥(코팅)CRI-HS06H_6인,사은품,주민혁,,2026-10-15 18:35
2026-10-15 20:45,"1,102,774,073.00",알텐바흐 저압냄비 7L,주상품,이혜원,1,2026-10-15 20:45
2026-10-15 20:45,"1,102,774,379.00",알텐바흐 저압냄비 11L,보조상품,이혜원,1,2026-10-15 20:45
2026-10-15 20:45,"1,102,772,046.00",알텐바흐 저압냄비 4L,보조상품,이혜원,1,2026-10-15 20:45
2026-10-15 20:45,"1,137,327,625.00",L)오로라 액상글6박+글7포,주상품,정현진,2,2026-10-15 20:45
2026-10-15 20:45,"1,137,326,858.00",L)오로라 액상글3박,보조상품,정현진,2,2026-10-15 20:45
2026-10-15 22:55,"1,130,686,155.00",르네크루 풀오버+머플러set,주상품,최보라,1,2026-10-15 22:55
2026-10-15 22:55,"1,127,032,049.00",르네크루 울실크카멜 팬츠,보조상품,최보라,1,2026-10-15 22:55
2026-10-15 22:55,"1,132,359,499.00",르네크루 라쿤 하이넥 풀오버,주상품,최보라,2,2026-10-15 22:55
2026-10-15 22:55,"1,127,028,062.00",르네크루 실크 코트,보조상품,최보라,2,2026-10-15 22:55
2026-10-15 22:55,"1,134,535,148.00",르네크루 캐시 트위드 머플러,보조상품,최보라,2,2026-10-15 22:55
2026-10-15 22:55,"1,131,719,563.00",르네크루 울캐시 홀가 풀오버,주상품,최보라,3,2026-10-15 22:55
2026-10-15 22:55,"1,130,689,523.00",르네크루 울100 머플러,보조상품,최보라,3,2026-10-15 22:55
2026-10-15 22:55,"1,131,511,655.00",르네크루 NEW 램스킨 숏츠,보조상품,최보라,3,2026-10-15 22:55
2026-10-15 22:55,"1,131,516,122.00",르네크루 단추 니트 3종,주상품,최보라,4,2026-10-15 22:55
2026-10-15 22:55,"1,104,106,810.00",르네크루 플리츠 팬츠,보조상품,최보라,4,2026-10-15 22:55
2026-10-15 22:55,"1,104,567,829.00",르네크루 데님 팬츠,보조상품,최보라,4,2026-10-15 22:55
2026-10-16 6:00,"1,117,451,960.00",비에날씬프로 11개월+슬림10포x3,주상품,김승아,1,2026-10-16 6:00
2026-10-16 6:00,"1,061,229,354.00",비에날씬 프로 6개월,보조상품,김승아,1,2026-10-16 6:00
2026-10-16 6:00,"1,061,229,467.00",비에날씬 프로 3개월,보조상품,김승아,1,2026-10-16 6:00
2026-10-16 9:25,"1,136,834,274.00",L)도미나스시즌7_크6마3중체1,주상품,이아란,1,2026-10-16 9:25
2026-10-16 9:25,"1,129,390,619.00",L)도미나스 시즌7_크림2,보조상품,이아란,1,2026-10-16 9:25
2026-10-16 9:25,"1,129,389,733.00",L)도미나스 시즌7_크림1,보조상품,이아란,1,2026-10-16 9:25
2026-10-16 11:35,"1,135,930,310.00",방송_해피한 자유숙박권 7박,주상품,정지윤,1,2026-10-16 11:35
2026-10-16 12:35,"1,133,308,516.00",기펠 진공흡착핸디스타일 그레이,주상품,김수홍,1,2026-10-16 12:35
2026-10-16 12:35,"1,122,235,241.00",기펠 진공 흡착 핸디 스타일러,보조상품,김수홍,1,2026-10-16 12:35
2026-10-16 12:35,"1,136,434,334.00",사)기펠 스타일러 폴딩 스탠드,사은품,김수홍,,2026-10-16 12:35
2026-10-16 12:35,"1,136,434,334.00",사)기펠 스타일러 폴딩 스탠드,사은품,김수홍,,2026-10-16 12:35
2026-10-16 13:30,"1,137,840,997.00",L)루나_구스차렵2장SK,주상품,윤승현,1,2026-10-16 13:30
2026-10-16 16:30,"1,134,214,959.00",L)뉴트리코어멜라토닌앰플P_더2,주상품,안초록,1,2026-10-16 16:30
2026-10-16 16:30,"1,132,423,060.00",L)뉴트리코어 멜라토닌 앰플P_기,보조상품,안초록,1,2026-10-16 16:30
2026-10-16 16:30,"1,132,423,263.00",단)뉴트리코어 멜라토닌 앰플P,보조상품,안초록,1,2026-10-16 16:30
2026-10-16 17:30,"1,134,470,706.00",신한 케어받는암보험,주상품,백지원,1,2026-10-16 17:30
2026-10-16 18:30,"1,054,984,056.00",L_이상민 블랙타이거 5팩+소스1,주상품,김혜은,1,2026-10-16 18:30
2026-10-16 19:30,"1,136,782,327.00",L)PDRN앰플10+체험분4+박스1,주상품,윤나래,1,2026-10-16 19:30
2026-10-16 19:30,"1,136,787,361.00",L)PDRN앰플5+체험분4,보조상품,윤나래,1,2026-10-16 19:30
2026-10-16 19:30,"1,136,833,886.00",L)PDRN앰플2,보조상품,윤나래,1,2026-10-16 19:30
2026-10-16 20:35,"1,117,451,960.00",비에날씬프로 11개월+슬림10포x3,주상품,김승아,1,2026-10-16 20:35
2026-10-16 20:35,"1,061,229,354.00",비에날씬 프로 6개월,보조상품,김승아,1,2026-10-16 20:35
2026-10-16 20:35,"1,061,229,467.00",비에날씬 프로 3개월,보조상품,김승아,1,2026-10-16 20:35
2026-10-16 20:35,"1,137,498,469.00",L)산지애 감홍 사과_9kg,주상품,박효진,2,2026-10-16 20:35
2026-10-16 20:35,"1,137,499,646.00",L)산지애 감홍 사과_6kg,보조상품,박효진,2,2026-10-16 20:35
