date,date_str,broadcast_time,pgmId,pgmTitle,prdid,title,url,status
2026-09-29,20260929,,45916,[비키/베스띠벨리] 26FW 단 하루 GS 단독 특가,1136662938,[딜데이혜택] FW 특가 GS BEST 자켓/가디건/블라우스 外,https://m.gsshop.com/deal/deal.gs?dealNo=1136662938&mseq=420485-1&pgmId=45916,신규등록
2026-09-29,20260929,,45917,"[고등어밥상] 요즘 귀한 고등어! 균일가 37,900원",1034495907,코다리밥상 순살코다리 4팩 총 2kg+매콤조림소스 500g,https://m.gsshop.com/prd/prd.gs?prdid=1034495907&mseq=420485-4&pgmId=45917,신규등록
2026-09-29,20260929,,45917,"[고등어밥상] 요즘 귀한 고등어! 균일가 37,900원",1034507598,"미역국밥상 바지락 듬뿍 미역국 5팩, 총 3kg",https://m.gsshop.com/prd/prd.gs?prdid=1034507598&mseq=420485-5&pgmId=45917,신규등록
2026-09-29,20260929,,45917,"[고등어밥상] 요즘 귀한 고등어! 균일가 37,900원",1062535928,"피쉬너겟 500g*2봉(20~26조각), 총 1kg",https://m.gsshop.com/prd/prd.gs?prdid=1062535928&mseq=420485-6&pgmId=45917,신규등록
2026-09-29,20260929,,45917,"[고등어밥상] 요즘 귀한 고등어! 균일가 37,900원",1066323602,"[GS단독] 가시제거연구소 순살가자미 650g*4봉, 총 32~36필렛",https://m.gsshop.com/prd/prd.gs?prdid=1066323602&mseq=420485-7&pgmId=45917,신규등록
2026-09-29,20260929,,45917,"[고등어밥상] 요즘 귀한 고등어! 균일가 37,900원",1070598448,[GS단독] 가시제거연구소 새우까스콤보 2팩 총 1.2kg,https://m.gsshop.com/prd/prd.gs?prdid=1070598448&mseq=420485-8&pgmId=45917,신규등록
2026-09-29,20260929,,45917,"[고등어밥상] 요즘 귀한 고등어! 균일가 37,900원",1072628184,[GS단독] 가시제거연구소 새우까스콤보 3팩 총 1.8kg + 양파타타르소스 500g,https://m.gsshop.com/prd/prd.gs?prdid=1072628184&mseq=420485-9&pgmId=45917,신규등록
2026-09-29,20260929,,45917,"[고등어밥상] 요즘 귀한 고등어! 균일가 37,900원",1102291353,[GS단독] 가시제거연구소 생선까스 3팩 총 1.65kg + 양파 타타르소스 500g,https://m.gsshop.com/prd/prd.gs?prdid=1102291353&mseq=420485-10&pgmId=45917,신규등록
2026-09-29,20260929,,45917,"[고등어밥상] 요즘 귀한 고등어! 균일가 37,900원",1102291847,[GS단독] 가시제거연구소 생선까스 550g 2팩,https://m.gsshop.com/prd/prd.gs?prdid=1102291847&mseq=420485-20&pgmId=45917,신규등록
2026-09-29,20260929,,45917,"[고등어밥상] 요즘 귀한 고등어! 균일가 37,900원",1108240312,[GS단독] 가시제거연구소 고등어밥상 노르웨이 순살고등어 550g 2봉,https://m.gsshop.com/prd/prd.gs?prdid=1108240312&mseq=420485-1&pgmId=45917,신규등록
2026-09-29,20260929,,45917,"[고등어밥상] 요즘 귀한 고등어! 균일가 37,900원",1108241611,[GS단독] 가시제거연구소 고등어밥상 노르웨이 순살고등어 550g 3봉,https://m.gsshop.com/prd/prd.gs?prdid=1108241611&mseq=420485-11&pgmId=45917,신규등록
2026-09-29,20260929,,45917,"[고등어밥상] 요즘 귀한 고등어! 균일가 37,900원",1109759020,[GS단독] 가시제거연구소 고등어밥상 국내산 제주산 순살고등어 500g 2봉,https://m.gsshop.com/prd/prd.gs?prdid=1109759020&mseq=420485-12&pgmId=45917,신규등록
2026-09-29,20260929,,45917,"[고등어밥상] 요즘 귀한 고등어! 균일가 37,900원",1109760318,[GS단독] 가시제거연구소 고등어밥상 국내산 제주산 순살고등어 500g 3봉,https://m.gsshop.com/prd/prd.gs?prdid=1109760318&mseq=420485-2&pgmId=45917,신규등록
2026-09-29,20260929,,45917,"[고등어밥상] 요즘 귀한 고등어! 균일가 37,900원",1109761337,[GS단독] 가시제거연구소 고등어밥상 국내산 제주산 순살고등어 500g 4봉,https://m.gsshop.com/prd/prd.gs?prdid=1109761337&mseq=420485-13&pgmId=45917,신규등록
2026-09-29,20260929,,45917,"[고등어밥상] 요즘 귀한 고등어! 균일가 37,900원",1118447946,[GS단독] 가시제거연구소 제철생선 시리즈 순살 농어,https://m.gsshop.com/prd/prd.gs?prdid=1118447946&mseq=420485-14&pgmId=45917,신규등록
2026-09-29,20260929,,45917,"[고등어밥상] 요즘 귀한 고등어! 균일가 37,900원",1118449174,[GS단독] 가시제거연구소 제철생선 시리즈 순살 전갱이,https://m.gsshop.com/prd/prd.gs?prdid=1118449174&mseq=420485-15&pgmId=45917,신규등록
2026-09-29,20260929,,45917,"[고등어밥상] 요즘 귀한 고등어! 균일가 37,900원",1118470913,[GS단독] 가시제거연구소 반건조 납세미 순살 말린 손질 가자미 650g 2팩,https://m.gsshop.com/prd/prd.gs?prdid=1118470913&mseq=420485-16&pgmId=45917,신규등록
2026-09-29,20260929,,45917,"[고등어밥상] 요즘 귀한 고등어! 균일가 37,900원",1119611411,[GS단독] 가시제거연구소 바삭통새우튀김 300g 2팩,https://m.gsshop.com/prd/prd.gs?prdid=1119611411&mseq=420485-17&pgmId=45917,신규등록
2026-09-29,20260929,,45917,"[고등어밥상] 요즘 귀한 고등어! 균일가 37,900원",92241073,[삼치밥상] 가시제거 순살 삼치 2봉 (1봉당 7~8팩 / 800g) 1.6kg,https://m.gsshop.com/prd/prd.gs?prdid=92241073&mseq=420485-18&pgmId=45917,신규등록
2026-09-29,20260929,,45917,"[고등어밥상] 요즘 귀한 고등어! 균일가 37,900원",92708340,"[GS단독] 가시제거연구소 순살가자미 650g*2봉, 총 16~18필렛",https://m.gsshop.com/prd/prd.gs?prdid=92708340&mseq=420485-19&pgmId=45917,신규등록
2026-09-29,20260929,,45917,"[고등어밥상] 요즘 귀한 고등어! 균일가 37,900원",99459963,[삼치밥상] 가시제거 순살 삼치 4봉 (1봉당 8팩 / 800g) 3.2kg,https://m.gsshop.com/prd/prd.gs?prdid=99459963&mseq=420485-3&pgmId=45917,신규등록
2026-09-29,20260929,7:00,45910,[데니스골프] 단 하루! 온라인 최저가 약속!,1097920270,[LIVE][무료배송][DENNIS] 남성 컴포트핏 히든밴딩 기모팬츠_FAQFMPT650,https://m.gsshop.com/prd/prd.gs?prdid=1097920270&mseq=420485-14&pgmId=45910,신규등록
2026-09-29,20260929,7:00,45910,[데니스골프] 단 하루! 온라인 최저가 약속!,1105155693,[LIVE][무료배송][DENNIS] 여성 카고포켓 기모 조거팬츠 베이지_HD4WLPT953,https://m.gsshop.com/prd/prd.gs?prdid=1105155693&mseq=420485-8&pgmId=45910,신규등록
2026-09-29,20260929,7:00,45910,[데니스골프] 단 하루! 온라인 최저가 약속!,1105155705,[LIVE][무료배송][DENNIS] 여성 트리코트 기모 조거팬츠 블랙_HD4WLPT952,https://m.gsshop.com/prd/prd.gs?prdid=1105155705&mseq=420485-7&pgmId=45910,신규등록
2026-09-29,20260929,7:00,45910,[데니스골프] 단 하루! 온라인 최저가 약속!,1134212478,[LIVE][무료배송][DENNIS] 여성 헤라시 레이어드 니트_네이비_HD5FLSP991,https://m.gsshop.com/prd/prd.gs?prdid=1134212478&mseq=420485-3&pgmId=45910,신규등록
2026-09-29,20260929,7:00,45910,[데니스골프] 단 하루! 온라인 최저가 약속!,1134212493,[LIVE][무료배송][DENNIS] 여성 헤라시 레이어드 니트_블랙_HD5FLSP993,https://m.gsshop.com/prd/prd.gs?prdid=1134212493&mseq=420485-1&pgmId=45910,신규등록
2026-09-29,20260929,7:00,45910,[데니스골프] 단 하루! 온라인 최저가 약속!,1134212512,[LIVE][무료배송][DENNIS] 여성 헤라시 레이어드 니트_베이지_HD5FLSP992,https://m.gsshop.com/prd/prd.gs?prdid=1134212512&mseq=420485-2&pgmId=45910,신규등록
2026-09-29,20260929,7:00,45910,[데니스골프] 단 하루! 온라인 최저가 약속!,1134866699,[LIVE][무료배송][DENNIS] 남성 페이크셔츠 패턴 밍크 본딩 레이어드니트_RARFMTS613,https://m.gsshop.com/prd/prd.gs?prdid=1134866699&mseq=420485-13&pgmId=45910,신규등록
2026-09-29,20260929,7:00,45910,[데니스골프] 단 하루! 온라인 최저가 약속!,1135130805,[LIVE][무료배송][DENNIS] 남성 웜 히트 보아퍼 퀼팅 패딩 점퍼_RARFMPD206,https://m.gsshop.com/prd/prd.gs?prdid=1135130805&mseq=420485-11&pgmId=45910,신규등록
2026-09-29,20260929,7:00,45910,[데니스골프] 단 하루! 온라인 최저가 약속!,1135176352,[LIVE][무료배송][DENNIS] 남성 시그니처 캐릭터 레터링 맨투맨티셔츠_NARFMTS013,https://m.gsshop.com/prd/prd.gs?prdid=1135176352&mseq=420485-12&pgmId=45910,신규등록
2026-09-29,20260929,7:00,45910,[데니스골프] 단 하루! 온라인 최저가 약속!,1135525056,[LIVE][무료배송][DENNIS] 여성 웜 히트 보아퍼 퀼팅 패딩 점퍼_RARWLPD266,https://m.gsshop.com/prd/prd.gs?prdid=1135525056&mseq=420485-10&pgmId=45910,신규등록
2026-09-29,20260929,7:00,45910,[데니스골프] 단 하루! 온라인 최저가 약속!,1136425905,[LIVE][무료배송][DENNIS] 남성 히든밴딩 기모팬츠_네이비블랙_2종세트,https://m.gsshop.com/prd/prd.gs?prdid=1136425905&mseq=420485-15&pgmId=45910,신규등록
2026-09-29,20260929,7:00,45910,[데니스골프] 단 하루! 온라인 최저가 약속!,1136425913,[LIVE][무료배송][DENNIS] 여성 레이어드니트_베이지네이비_2종세트,https://m.gsshop.com/prd/prd.gs?prdid=1136425913&mseq=420485-5&pgmId=45910,신규등록
2026-09-29,20260929,7:00,45910,[데니스골프] 단 하루! 온라인 최저가 약속!,1136425922,[LIVE][무료배송][DENNIS] 여성 레이어드니트_네이비블랙_2종세트,https://m.gsshop.com/prd/prd.gs?prdid=1136425922&mseq=420485-6&pgmId=45910,신규등록
2026-09-29,20260929,7:00,45910,[데니스골프] 단 하루! 온라인 최저가 약속!,1136425938,[LIVE][무료배송][DENNIS] 여성 기모 조거팬츠_베이지블랙_2종세트,https://m.gsshop.com/prd/prd.gs?prdid=1136425938&mseq=420485-9&pgmId=45910,신규등록
2026-09-29,20260929,7:00,45910,[데니스골프] 단 하루! 온라인 최저가 약속!,1136425947,[LIVE][무료배송][DENNIS] 여성 레이어드니트_베이지블랙_2종세트,https://m.gsshop.com/prd/prd.gs?prdid=1136425947&mseq=420485-4&pgmId=45910,신규등록
2026-09-29,20260929,8:00,45911,[컨버스] GS단독! 온라인 최저가 약속!,1032480517,[컨버스공식] 척테일러 올스타 무브 570256C,https://m.gsshop.com/prd/prd.gs?prdid=1032480517&mseq=420485-1&pgmId=45911,신규등록
2026-09-29,20260929,8:00,45911,[컨버스] GS단독! 온라인 최저가 약속!,1032619979,[컨버스공식] 척테일러 올스타 쇼어라인 블랙 537081C,https://m.gsshop.com/prd/prd.gs?prdid=1032619979&mseq=420485-2&pgmId=45911,신규등록
2026-09-29,20260929,8:00,45911,[컨버스] GS단독! 온라인 최저가 약속!,1032983383,[컨버스공식] 척테일러 올스타 클래식 블랙 M9166C,https://m.gsshop.com/prd/prd.gs?prdid=1032983383&mseq=420485-3&pgmId=45911,신규등록
2026-09-29,20260929,8:00,45911,[컨버스] GS단독! 온라인 최저가 약속!,1057674138,[컨버스공식] 런스타 트레이너 에그렛 A08262C,https://m.gsshop.com/prd/prd.gs?prdid=1057674138&mseq=420485-4&pgmId=45911,신규등록
2026-09-29,20260929,8:00,45911,[컨버스] GS단독! 온라인 최저가 약속!,1088391569,[컨버스공식] 고 2 백팩 블랙 UA5796-023,https://m.gsshop.com/prd/prd.gs?prdid=1088391569&mseq=420485-5&pgmId=45911,신규등록
2026-09-29,20260929,8:00,45911,[컨버스] GS단독! 온라인 최저가 약속!,1127766011,[컨버스공식] 스타 로고 버서타일 토트 빈티지 카고 UA5993-X9V,https://m.gsshop.com/prd/prd.gs?prdid=1127766011&mseq=420485-6&pgmId=45911,신규등록
2026-09-29,20260929,9:00,45912,[잇몸유산균 오라틱스] 모바일라이브 런칭기념 혜택 공개,1136458469,[딜데이혜택] 국내최초 잇몸유산균 오라틱스 오늘 하루 ~7% 쿠폰,https://m.gsshop.com/deal/deal.gs?dealNo=1136458469&mseq=420485-1&pgmId=45912,신규등록
2026-09-29,20260929,9:00,45913,[스케쳐스] 26FW 베스트셀러 방송에서만 깜짝 특가,1116767656,26FW 최신상 여성용 아치핏 라구나 스니커즈,https://m.gsshop.com/prd/prd.gs?prdid=1116767656&mseq=420485-3&pgmId=45913,신규등록
2026-09-29,20260929,9:00,45913,[스케쳐스] 26FW 베스트셀러 방송에서만 깜짝 특가,1116777677,26FW 최신상 남성용 뷰손 스니커즈,https://m.gsshop.com/prd/prd.gs?prdid=1116777677&mseq=420485-4&pgmId=45913,신규등록
2026-09-29,20260929,9:00,45913,[스케쳐스] 26FW 베스트셀러 방송에서만 깜짝 특가,1116782421,26FW 최신상 여성용 모던 디럭스 슬립인스 워킹화,https://m.gsshop.com/prd/prd.gs?prdid=1116782421&mseq=420485-1&pgmId=45913,신규등록
2026-09-29,20260929,9:00,45913,[스케쳐스] 26FW 베스트셀러 방송에서만 깜짝 특가,1116784915,26FW 최신상 여성용 밥스스쿼드 슬립인스 워킹화,https://m.gsshop.com/prd/prd.gs?prdid=1116784915&mseq=420485-2&pgmId=45913,신규등록
2026-09-29,20260929,10:00,45914,[모르간] 오늘의브랜드 특집 가을 빅 세일!,1122505552,"26FW 데님 재킷[런칭 가격 99,900원]",https://m.gsshop.com/prd/prd.gs?prdid=1122505552&mseq=420485-12&pgmId=45914,신규등록
2026-09-29,20260929,10:00,45914,[모르간] 오늘의브랜드 특집 가을 빅 세일!,1124125531,"26FW FAUX 스웨이드셔츠 [런칭 가격 69,900원]",https://m.gsshop.com/prd/prd.gs?prdid=1124125531&mseq=420485-4&pgmId=45914,신규등록
2026-09-29,20260929,10:00,45914,[모르간] 오늘의브랜드 특집 가을 빅 세일!,1124126296,"26FW 베이직 모달100 셔츠[런칭 가격 69,900원]",https://m.gsshop.com/prd/prd.gs?prdid=1124126296&mseq=420485-13&pgmId=45914,신규등록
2026-09-29,20260929,10:00,45914,[모르간] 오늘의브랜드 특집 가을 빅 세일!,1124126604,"26FW 에센셜 가디건 3종[런칭 가격 89,900원]",https://m.gsshop.com/prd/prd.gs?prdid=1124126604&mseq=420485-7&pgmId=45914,신규등록
2026-09-29,20260929,10:00,45914,[모르간] 오늘의브랜드 특집 가을 빅 세일!,1124126956,"26FW 컴포트 밴딩팬츠3종[런칭 가격 89,900원]",https://m.gsshop.com/prd/prd.gs?prdid=1124126956&mseq=420485-8&pgmId=45914,신규등록
2026-09-29,20260929,10:00,45914,[모르간] 오늘의브랜드 특집 가을 빅 세일!,1124127356,26FW 뉴 데님슬랙스,https://m.gsshop.com/prd/prd.gs?prdid=1124127356&mseq=420485-5&pgmId=45914,신규등록
2026-09-29,20260929,10:00,45914,[모르간] 오늘의브랜드 특집 가을 빅 세일!,1124127738,"26FW 패치포켓 팬츠[런칭 가격 69,900원]",https://m.gsshop.com/prd/prd.gs?prdid=1124127738&mseq=420485-14&pgmId=45914,신규등록
2026-09-29,20260929,10:00,45914,[모르간] 오늘의브랜드 특집 가을 빅 세일!,1124185386,"26FW 에센셜 브이넥 니트 3종[런칭 가격 79,900원]",https://m.gsshop.com/prd/prd.gs?prdid=1124185386&mseq=420485-11&pgmId=45914,신규등록
2026-09-29,20260929,10:00,45914,[모르간] 오늘의브랜드 특집 가을 빅 세일!,1124186110,"26FW 에센셜 커프스 져지블라우스 3종[런칭 가격 69,900원]",https://m.gsshop.com/prd/prd.gs?prdid=1124186110&mseq=420485-10&pgmId=45914,신규등록
2026-09-29,20260929,10:00,45914,[모르간] 오늘의브랜드 특집 가을 빅 세일!,1124186803,"26FW 레이스 새틴스커트[런칭 가격 69,900원]",https://m.gsshop.com/prd/prd.gs?prdid=1124186803&mseq=420485-9&pgmId=45914,신규등록
2026-09-29,20260929,10:00,45914,[모르간] 오늘의브랜드 특집 가을 빅 세일!,1124187392,26FW 소모울캐시 스카프 (프리미엄),https://m.gsshop.com/prd/prd.gs?prdid=1124187392&mseq=420485-6&pgmId=45914,신규등록
2026-09-29,20260929,10:00,45914,[모르간] 오늘의브랜드 특집 가을 빅 세일!,1126633905,26FW 울 실크 풀오버 3종,https://m.gsshop.com/prd/prd.gs?prdid=1126633905&mseq=420485-2&pgmId=45914,신규등록
2026-09-29,20260929,10:00,45914,[모르간] 오늘의브랜드 특집 가을 빅 세일!,1126682755,26FW 아틀리에 트윌 울 재킷,https://m.gsshop.com/prd/prd.gs?prdid=1126682755&mseq=420485-1&pgmId=45914,신규등록
2026-09-29,20260929,10:00,45914,[모르간] 오늘의브랜드 특집 가을 빅 세일!,1126683827,26FW 윈터 핀턱 팬츠,https://m.gsshop.com/prd/prd.gs?prdid=1126683827&mseq=420485-3&pgmId=45914,신규등록
2026-09-29,20260929,10:00,45915,[리파 카사M1] 더블구성 방송에서만 역대최대혜택,1084355723,[싱글세트] 경락괄사마사지 리파 카사M1 + 가히 바운싱크림 1개(50ml),https://m.gsshop.com/prd/prd.gs?prdid=1084355723&mseq=420485-1&pgmId=45915,신규등록
2026-09-29,20260929,10:00,45915,[리파 카사M1] 더블구성 방송에서만 역대최대혜택,1108208665,[더블세트]경락괄사마사지 리파카사M1 화이트 더블컬렉션 (카사M1 화이트 2개+가히 바운싱크림 2개),https://m.gsshop.com/prd/prd.gs?prdid=1108208665&mseq=420485-2&pgmId=45915,신규등록
2026-09-29,20260929,12:00,45918,[오늘특가] 화장지&고구마 라이브 특가+쿠폰 할인까지!,1000924773,26년수확 고창 햇 호박고구마 호풍미 당근고구마 특상 5kg,https://m.gsshop.com/prd/prd.gs?prdid=1000924773&mseq=420485-3&pgmId=45918,신규등록
2026-09-29,20260929,12:00,45918,[오늘특가] 화장지&고구마 라이브 특가+쿠폰 할인까지!,1000924776,26년수확 고창 햇 호박고구마 호풍미 당근고구마 특상 3kg,https://m.gsshop.com/prd/prd.gs?prdid=1000924776&mseq=420485-2&pgmId=45918,신규등록
2026-09-29,20260929,12:00,45918,[오늘특가] 화장지&고구마 라이브 특가+쿠폰 할인까지!,1090974203,26년수확 고창 햇 호박고구마 호풍미 당근고구마 특상 10kg,https://m.gsshop.com/prd/prd.gs?prdid=1090974203&mseq=420485-4&pgmId=45918,신규등록
2026-09-29,20260929,12:00,45918,[오늘특가] 화장지&고구마 라이브 특가+쿠폰 할인까지!,1090974247,26년수확 고창 햇 호박고구마 호풍미 당근고구마 대 5kg,https://m.gsshop.com/prd/prd.gs?prdid=1090974247&mseq=420485-5&pgmId=45918,신규등록
2026-09-29,20260929,12:00,45918,[오늘특가] 화장지&고구마 라이브 특가+쿠폰 할인까지!,1134512880,리얼프라이스 3겹 화장지 27m x 30롤 x 1팩,https://m.gsshop.com/prd/prd.gs?prdid=1134512880&mseq=420485-1&pgmId=45918,신규등록
2026-09-29,20260929,13:00,45919,[에코따숨] 가정용 파라핀베스 방송중 최대혜택!,1136896659,마스터 파라핀베스 가정용 (병원용왁스4+1증정/왁스평생할인),https://m.gsshop.com/prd/prd.gs?prdid=1136896659&mseq=420485-1&pgmId=45919,신규등록
2026-09-29,20260929,14:00,45920,[쏘내추럴] 26FW 방송에서만 15% 할인,1127502006,26FW 스모킹 자수 블라우스,https://m.gsshop.com/prd/prd.gs?prdid=1127502006&mseq=420485-5&pgmId=45920,신규등록
2026-09-29,20260929,14:00,45920,[쏘내추럴] 26FW 방송에서만 15% 할인,1127502504,26FW 피그먼트 커브드 데님 팬츠,https://m.gsshop.com/prd/prd.gs?prdid=1127502504&mseq=420485-6&pgmId=45920,신규등록
2026-09-29,20260929,14:00,45920,[쏘내추럴] 26FW 방송에서만 15% 할인,1127504730,26FW 소프트 커브드 크롭 팬츠,https://m.gsshop.com/prd/prd.gs?prdid=1127504730&mseq=420485-3&pgmId=45920,신규등록
2026-09-29,20260929,14:00,45920,[쏘내추럴] 26FW 방송에서만 15% 할인,1127506884,26FW 코듀로이 후드 웨더 점퍼,https://m.gsshop.com/prd/prd.gs?prdid=1127506884&mseq=420485-10&pgmId=45920,신규등록
2026-09-29,20260929,14:00,45920,[쏘내추럴] 26FW 방송에서만 15% 할인,1128333677,"26FW 시퀸 볼륨 점퍼 [런칭 가격 99,900원]",https://m.gsshop.com/prd/prd.gs?prdid=1128333677&mseq=420485-9&pgmId=45920,신규등록
2026-09-29,20260929,14:00,45920,[쏘내추럴] 26FW 방송에서만 15% 할인,1128810732,26FW 이태리 똘레뇨 울 100 가디건,https://m.gsshop.com/prd/prd.gs?prdid=1128810732&mseq=420485-8&pgmId=45920,신규등록
2026-09-29,20260929,14:00,45920,[쏘내추럴] 26FW 방송에서만 15% 할인,1128882857,26FW 엑스트라 파인 울100 니트 2종,https://m.gsshop.com/prd/prd.gs?prdid=1128882857&mseq=420485-1&pgmId=45920,신규등록
2026-09-29,20260929,14:00,45920,[쏘내추럴] 26FW 방송에서만 15% 할인,1128891191,26FW 울 플러피 체크 베스트,https://m.gsshop.com/prd/prd.gs?prdid=1128891191&mseq=420485-4&pgmId=45920,신규등록
2026-09-29,20260929,14:00,45920,[쏘내추럴] 26FW 방송에서만 15% 할인,1129705164,"26FW 캐시미어 홀가먼트 V넥 니트 3종 [런칭 가격 79,900원]",https://m.gsshop.com/prd/prd.gs?prdid=1129705164&mseq=420485-7&pgmId=45920,신규등록
2026-09-29,20260929,14:00,45920,[쏘내추럴] 26FW 방송에서만 15% 할인,1129722924,26FW 호주산 울 모닐리 니트 재킷,https://m.gsshop.com/prd/prd.gs?prdid=1129722924&mseq=420485-2&pgmId=45920,신규등록
2026-09-29,20260929,14:00,45920,[쏘내추럴] 26FW 방송에서만 15% 할인,1130659501,"26FW 모닐리 소프트 티블라우스 3종 [런칭 가격 79,900원]",https://m.gsshop.com/prd/prd.gs?prdid=1130659501&mseq=420485-11&pgmId=45920,신규등록
2026-09-29,20260929,15:00,45921,[제메이스] 방송에서만 사은품+무료교환반품까지,1105237223,7번 [제메이스] 18K 이태리 볼륨로프 목걸이,https://m.gsshop.com/prd/prd.gs?prdid=1105237223&mseq=420485-7&pgmId=45921,신규등록
2026-09-29,20260929,15:00,45921,[제메이스] 방송에서만 사은품+무료교환반품까지,1105237226,6번 [제메이스] 18K 이태리 볼륨로프 팔찌,https://m.gsshop.com/prd/prd.gs?prdid=1105237226&mseq=420485-6&pgmId=45921,신규등록
2026-09-29,20260929,15:00,45921,[제메이스] 방송에서만 사은품+무료교환반품까지,1125995348,8번 [제메이스] 14K 이태리 실크라인 오메가 뱅글팔찌,https://m.gsshop.com/prd/prd.gs?prdid=1125995348&mseq=420485-8&pgmId=45921,신규등록
2026-09-29,20260929,15:00,45921,[제메이스] 방송에서만 사은품+무료교환반품까지,1136358386,15번) [제메이스] 18K 이태리 시그니쳐 앵커체인 팔찌,https://m.gsshop.com/prd/prd.gs?prdid=1136358386&mseq=420485-15&pgmId=45921,신규등록
2026-09-29,20260929,15:00,45921,[제메이스] 방송에서만 사은품+무료교환반품까지,1136358387,20번) [제메이스] 24K 순금 프리미엄 골드 세트,https://m.gsshop.com/prd/prd.gs?prdid=1136358387&mseq=420485-20&pgmId=45921,신규등록
2026-09-29,20260929,15:00,45921,[제메이스] 방송에서만 사은품+무료교환반품까지,1136358388,9번) [제메이스] 18K 클립 목걸이,https://m.gsshop.com/prd/prd.gs?prdid=1136358388&mseq=420485-9&pgmId=45921,신규등록
2026-09-29,20260929,15:00,45921,[제메이스] 방송에서만 사은품+무료교환반품까지,1136358389,17번) [제메이스] 24K 순금 행운의 빅 클로버 락 목걸이,https://m.gsshop.com/prd/prd.gs?prdid=1136358389&mseq=420485-17&pgmId=45921,신규등록
2026-09-29,20260929,15:00,45921,[제메이스] 방송에서만 사은품+무료교환반품까지,1136358390,19번) [제메이스] 24K 순금 행운의 비휴 팔찌,https://m.gsshop.com/prd/prd.gs?prdid=1136358390&mseq=420485-19&pgmId=45921,신규등록
2026-09-29,20260929,15:00,45921,[제메이스] 방송에서만 사은품+무료교환반품까지,1136358391,16번) [제메이스] 24K 순금 행운의 클로버 락 목걸이,https://m.gsshop.com/prd/prd.gs?prdid=1136358391&mseq=420485-16&pgmId=45921,신규등록
2026-09-29,20260929,15:00,45921,[제메이스] 방송에서만 사은품+무료교환반품까지,1136358393,18번) [제메이스] 24K 순금 볼륨 크로바 천연석 팔찌,https://m.gsshop.com/prd/prd.gs?prdid=1136358393&mseq=420485-18&pgmId=45921,신규등록
2026-09-29,20260929,15:00,45921,[제메이스] 방송에서만 사은품+무료교환반품까지,1136358395,14번) [제메이스] 18K 이태리 시그니쳐 앵커체인 목걸이,https://m.gsshop.com/prd/prd.gs?prdid=1136358395&mseq=420485-14&pgmId=45921,신규등록
2026-09-29,20260929,15:00,45921,[제메이스] 방송에서만 사은품+무료교환반품까지,1136358396,13번) [제메이스] 18K 이태리 웨이브라인 오메가 트리플 반지,https://m.gsshop.com/prd/prd.gs?prdid=1136358396&mseq=420485-13&pgmId=45921,신규등록
2026-09-29,20260929,15:00,45921,[제메이스] 방송에서만 사은품+무료교환반품까지,1136358398,12번) [제메이스] 18K 이태리 웨이브라인 오메가 더블 팔찌,https://m.gsshop.com/prd/prd.gs?prdid=1136358398&mseq=420485-12&pgmId=45921,신규등록
2026-09-29,20260929,15:00,45921,[제메이스] 방송에서만 사은품+무료교환반품까지,1136358399,11번) [제메이스] 18K 이태리 웨이브라인 오메가 더블 목걸이,https://m.gsshop.com/prd/prd.gs?prdid=1136358399&mseq=420485-11&pgmId=45921,신규등록
2026-09-29,20260929,15:00,45921,[제메이스] 방송에서만 사은품+무료교환반품까지,1136358400,10번) [제메이스] 18K 클립 팔찌,https://m.gsshop.com/prd/prd.gs?prdid=1136358400&mseq=420485-10&pgmId=45921,신규등록
2026-09-29,20260929,15:00,45921,[제메이스] 방송에서만 사은품+무료교환반품까지,1136358402,5번) [제메이스] 실버925 프리미엄 빅 커브 팔찌,https://m.gsshop.com/prd/prd.gs?prdid=1136358402&mseq=420485-5&pgmId=45921,신규등록
2026-09-29,20260929,15:00,45921,[제메이스] 방송에서만 사은품+무료교환반품까지,1136358404,4번) [제메이스] 실버925 에센셜 볼 체인 팔찌,https://m.gsshop.com/prd/prd.gs?prdid=1136358404&mseq=420485-4&pgmId=45921,신규등록
2026-09-29,20260929,15:00,45921,[제메이스] 방송에서만 사은품+무료교환반품까지,1136358405,3번) [제메이스] 실버925 에센셜 모이사나이트 소원 팔찌 세트,https://m.gsshop.com/prd/prd.gs?prdid=1136358405&mseq=420485-3&pgmId=45921,신규등록
2026-09-29,20260929,15:00,45921,[제메이스] 방송에서만 사은품+무료교환반품까지,1136358407,2번) [제메이스] 실버925 모링가 클립 컷팅 목걸이&팔찌 세트,https://m.gsshop.com/prd/prd.gs?prdid=1136358407&mseq=420485-2&pgmId=45921,신규등록
2026-09-29,20260929,15:00,45921,[제메이스] 방송에서만 사은품+무료교환반품까지,1136358408,1번) [제메이스] 실버925 이태리 오메가 목걸이&팔찌 세트,https://m.gsshop.com/prd/prd.gs?prdid=1136358408&mseq=420485-1&pgmId=45921,신규등록
2026-09-29,20260929,16:00,45922,[그레인온] 혈당 DOWN! 카사베르디 와인비니거 공개,1104267555,"카사베르디 유기농 레드와인 비니거 500ml, 2개",https://m.gsshop.com/prd/prd.gs?prdid=1104267555&mseq=420485-2&pgmId=45922,신규등록
2026-09-29,20260929,16:00,45922,[그레인온] 혈당 DOWN! 카사베르디 와인비니거 공개,1104267564,"카사베르디 유기농 레드와인 비니거 500ml, 4개",https://m.gsshop.com/prd/prd.gs?prdid=1104267564&mseq=420485-1&pgmId=45922,신규등록
2026-09-29,20260929,17:00,45923,[AT 캐리어] 최신상 오리진라이트 시즌2,1131677939,[확장가능] AT아메리칸투어리스터 오리진라이트 시즌2 기내용 캐리어 (20인치),https://m.gsshop.com/prd/prd.gs?prdid=1131677939&mseq=420485-2&pgmId=45923,신규등록
2026-09-29,20260929,17:00,45923,[AT 캐리어] 최신상 오리진라이트 시즌2,1131681870,[AT]아메리칸투어리스터 오리진라이트 시즌2 수하물용 캐리어(+커버) (27인치),https://m.gsshop.com/prd/prd.gs?prdid=1131681870&mseq=420485-1&pgmId=45923,신규등록
2026-09-29,20260929,18:00,45924,[버버리/구찌] 명품 특가 생방송,1132173832,"메들리 바람막이 후드 자켓 (블랙 8119149 / 베이지 8119148,8122247)",https://m.gsshop.com/prd/prd.gs?prdid=1132173832&mseq=420485-2&pgmId=45924,신규등록
2026-09-29,20260929,18:00,45924,[버버리/구찌] 명품 특가 생방송,1132173914,파크게이트 퀼팅 자켓 (8121467),https://m.gsshop.com/prd/prd.gs?prdid=1132173914&mseq=420485-1&pgmId=45924,신규등록
2026-09-29,20260929,18:00,45924,[버버리/구찌] 명품 특가 생방송,1136424934,달리 퀼팅 자켓 (8120010 / 8121453),https://m.gsshop.com/prd/prd.gs?prdid=1136424934&mseq=420485-3&pgmId=45924,신규등록
2026-09-29,20260929,18:00,45924,[버버리/구찌] 명품 특가 생방송,1136424939,헤밍필드 후드 퀼팅 벨티드 자켓 (8122291),https://m.gsshop.com/prd/prd.gs?prdid=1136424939&mseq=420485-4&pgmId=45924,신규등록
2026-09-29,20260929,18:00,45924,[버버리/구찌] 명품 특가 생방송,1136541035,오피디아 홀스빗 프린트 미니백 774336-FACYR-8548__,https://m.gsshop.com/prd/prd.gs?prdid=1136541035&mseq=420485-5&pgmId=45924,신규등록
2026-09-29,20260929,18:00,45924,[버버리/구찌] 명품 특가 생방송,1136541041,미니 크로스백 609407-VCPP5-8859_,https://m.gsshop.com/prd/prd.gs?prdid=1136541041&mseq=420485-6&pgmId=45924,신규등록
2026-09-29,20260929,18:00,45924,[버버리/구찌] 명품 특가 생방송,1136541047,GG 마몬트 미니 버킷백 575163-DTDRT-1000_,https://m.gsshop.com/prd/prd.gs?prdid=1136541047&mseq=420485-7&pgmId=45924,신규등록
2026-09-29,20260929,18:00,45924,[버버리/구찌] 명품 특가 생방송,1136679926,체크 스몰 버킷백 (8084045),https://m.gsshop.com/prd/prd.gs?prdid=1136679926&mseq=420485-8&pgmId=45924,신규등록
2026-09-29,20260929,19:00,45925,[헤리든] 모달100 침구 최초공개! GS 침구 브랜드,1135917759,SK_삶아쓰는 모달 침구세트 이불 1개 + 베개커버 1개,https://m.gsshop.com/prd/prd.gs?prdid=1135917759&mseq=420485-1&pgmId=45925,신규등록
2026-09-29,20260929,19:00,45925,[헤리든] 모달100 침구 최초공개! GS 침구 브랜드,1135917944,Q_삶아쓰는 모달 침구세트 이불 1개 + 베개커버 1개,https://m.gsshop.com/prd/prd.gs?prdid=1135917944&mseq=420485-2&pgmId=45925,신규등록
2026-09-29,20260929,19:00,45925,[헤리든] 모달100 침구 최초공개! GS 침구 브랜드,1135929241,SS_삶아쓰는 모달 침구세트 이불 1개 + 베개커버 1개,https://m.gsshop.com/prd/prd.gs?prdid=1135929241&mseq=420485-3&pgmId=45925,신규등록
2026-09-29,20260929,20:00,45927,"[입고 또 입고] 라삐아프X로보, 가장 핫한 아이템!",1102573462,데일리 코튼 라운드넥 리브드 풀오버 4종,https://m.gsshop.com/prd/prd.gs?prdid=1102573462&mseq=420485-6&pgmId=45927,신규등록
2026-09-29,20260929,20:00,45927,"[입고 또 입고] 라삐아프X로보, 가장 핫한 아이템!",1126648748,26FW 롱슬리브 콤트코튼 풀오버 4종,https://m.gsshop.com/prd/prd.gs?prdid=1126648748&mseq=420485-1&pgmId=45927,편성제외
2026-09-29,20260929,20:00,45927,"[입고 또 입고] 라삐아프X로보, 가장 핫한 아이템!",1127667513,26FW 핀턱 볼륨 블라우스 2종(깅엄체크+블랙),https://m.gsshop.com/prd/prd.gs?prdid=1127667513&mseq=420485-1&pgmId=45927,신규등록
2026-09-29,20260929,20:00,45927,"[입고 또 입고] 라삐아프X로보, 가장 핫한 아이템!",1127677646,26FW 루즈핏 클래식 V넥 니트 풀오버 3종,https://m.gsshop.com/prd/prd.gs?prdid=1127677646&mseq=420485-2&pgmId=45927,신규등록
2026-09-29,20260929,20:00,45927,"[입고 또 입고] 라삐아프X로보, 가장 핫한 아이템!",1129005975,26FW 커브드 벌룬핏 데님 팬츠 1종,https://m.gsshop.com/prd/prd.gs?prdid=1129005975&mseq=420485-3&pgmId=45927,신규등록
2026-09-29,20260929,20:00,45927,"[입고 또 입고] 라삐아프X로보, 가장 핫한 아이템!",1131629594,26FW 포인텔 시어 스트라이프 울 가디건 1종,https://m.gsshop.com/prd/prd.gs?prdid=1131629594&mseq=420485-4&pgmId=45927,신규등록
2026-09-29,20260929,20:00,45927,"[입고 또 입고] 라삐아프X로보, 가장 핫한 아이템!",1134989626,[방송중 사은품 리얼 레더벨트] 로보 26FW 스웨이드 테일러드 하프 재킷,https://m.gsshop.com/prd/prd.gs?prdid=1134989626&mseq=420485-5&pgmId=45927,신규등록
2026-09-29,20260929,20:00,45928,[자코모 소파] 딜데이 기념 최대혜택! 3가지 라인업!,1135235420,[딜데이혜택]자코모 9/29(화) 20시 최대 혜택 앵콜재방송,https://m.gsshop.com/deal/deal.gs?dealNo=1135235420&mseq=420485-1&pgmId=45928,신규등록
2026-09-29,20260929,21:00,45929,[버버리/구찌] 명품 특가 생방송,1132173832,"메들리 바람막이 후드 자켓 (블랙 8119149 / 베이지 8119148,8122247)",https://m.gsshop.com/prd/prd.gs?prdid=1132173832&mseq=420485-2&pgmId=45929,신규등록
2026-09-29,20260929,21:00,45929,[버버리/구찌] 명품 특가 생방송,1132173914,파크게이트 퀼팅 자켓 (8121467),https://m.gsshop.com/prd/prd.gs?prdid=1132173914&mseq=420485-1&pgmId=45929,신규등록
2026-09-29,20260929,21:00,45929,[버버리/구찌] 명품 특가 생방송,1136424934,달리 퀼팅 자켓 (8120010 / 8121453),https://m.gsshop.com/prd/prd.gs?prdid=1136424934&mseq=420485-3&pgmId=45929,신규등록
2026-09-29,20260929,21:00,45929,[버버리/구찌] 명품 특가 생방송,1136424939,헤밍필드 후드 퀼팅 벨티드 자켓 (8122291),https://m.gsshop.com/prd/prd.gs?prdid=1136424939&mseq=420485-4&pgmId=45929,신규등록
2026-09-29,20260929,21:00,45929,[버버리/구찌] 명품 특가 생방송,1136541035,오피디아 홀스빗 프린트 미니백 774336-FACYR-8548__,https://m.gsshop.com/prd/prd.gs?prdid=1136541035&mseq=420485-5&pgmId=45929,신규등록
2026-09-29,20260929,21:00,45929,[버버리/구찌] 명품 특가 생방송,1136541041,미니 크로스백 609407-VCPP5-8859_,https://m.gsshop.com/prd/prd.gs?prdid=1136541041&mseq=420485-6&pgmId=45929,신규등록
2026-09-29,20260929,21:00,45929,[버버리/구찌] 명품 특가 생방송,1136541047,GG 마몬트 미니 버킷백 575163-DTDRT-1000_,https://m.gsshop.com/prd/prd.gs?prdid=1136541047&mseq=420485-7&pgmId=45929,신규등록
2026-09-29,20260929,21:00,45929,[버버리/구찌] 명품 특가 생방송,1136679926,체크 스몰 버킷백 (8084045),https://m.gsshop.com/prd/prd.gs?prdid=1136679926&mseq=420485-8&pgmId=45929,신규등록
2026-09-29,20260929,22:00,45930,[에이지투웨니스] 26FW 최신상 쿠션!!,1134246291,[26FW최신상]에이지투웨니스 골드볼륨샷 팩트 본품2+리필3+앰플,https://m.gsshop.com/prd/prd.gs?prdid=1134246291&mseq=420485-1&pgmId=45930,신규등록
2026-09-29,20260929,23:00,45931,[쏘내추럴] 26FW 방송에서만 15% 할인,1127502006,26FW 스모킹 자수 블라우스,https://m.gsshop.com/prd/prd.gs?prdid=1127502006&mseq=420485-5&pgmId=45931,신규등록
2026-09-29,20260929,23:00,45931,[쏘내추럴] 26FW 방송에서만 15% 할인,1127502504,26FW 피그먼트 커브드 데님 팬츠,https://m.gsshop.com/prd/prd.gs?prdid=1127502504&mseq=420485-6&pgmId=45931,신규등록
2026-09-29,20260929,23:00,45931,[쏘내추럴] 26FW 방송에서만 15% 할인,1127504730,26FW 소프트 커브드 크롭 팬츠,https://m.gsshop.com/prd/prd.gs?prdid=1127504730&mseq=420485-3&pgmId=45931,신규등록
2026-09-29,20260929,23:00,45931,[쏘내추럴] 26FW 방송에서만 15% 할인,1127506884,26FW 코듀로이 후드 웨더 점퍼,https://m.gsshop.com/prd/prd.gs?prdid=1127506884&mseq=420485-10&pgmId=45931,신규등록
2026-09-29,20260929,23:00,45931,[쏘내추럴] 26FW 방송에서만 15% 할인,1128333677,"26FW 시퀸 볼륨 점퍼 [런칭 가격 99,900원]",https://m.gsshop.com/prd/prd.gs?prdid=1128333677&mseq=420485-9&pgmId=45931,신규등록
2026-09-29,20260929,23:00,45931,[쏘내추럴] 26FW 방송에서만 15% 할인,1128810732,26FW 이태리 똘레뇨 울 100 가디건,https://m.gsshop.com/prd/prd.gs?prdid=1128810732&mseq=420485-8&pgmId=45931,신규등록
2026-09-29,20260929,23:00,45931,[쏘내추럴] 26FW 방송에서만 15% 할인,1128882857,26FW 엑스트라 파인 울100 니트 2종,https://m.gsshop.com/prd/prd.gs?prdid=1128882857&mseq=420485-1&pgmId=45931,신규등록
2026-09-29,20260929,23:00,45931,[쏘내추럴] 26FW 방송에서만 15% 할인,1128891191,26FW 울 플러피 체크 베스트,https://m.gsshop.com/prd/prd.gs?prdid=1128891191&mseq=420485-4&pgmId=45931,신규등록
2026-09-29,20260929,23:00,45931,[쏘내추럴] 26FW 방송에서만 15% 할인,1129705164,"26FW 캐시미어 홀가먼트 V넥 니트 3종 [런칭 가격 79,900원]",https://m.gsshop.com/prd/prd.gs?prdid=1129705164&mseq=420485-7&pgmId=45931,신규등록
2026-09-29,20260929,23:00,45931,[쏘내추럴] 26FW 방송에서만 15% 할인,1129722924,26FW 호주산 울 모닐리 니트 재킷,https://m.gsshop.com/prd/prd.gs?prdid=1129722924&mseq=420485-2&pgmId=45931,신규등록
2026-09-29,20260929,23:00,45931,[쏘내추럴] 26FW 방송에서만 15% 할인,1130659501,"26FW 모닐리 소프트 티블라우스 3종 [런칭 가격 79,900원]",https://m.gsshop.com/prd/prd.gs?prdid=1130659501&mseq=420485-11&pgmId=45931,신규등록
2026-09-30,20260930,7:00,45932,[카무트 효소] 방송에서만 50% 반값 찬스!,1104577423,골드카무트효소 11박스+파로 5봉,https://m.gsshop.com/prd/prd.gs?prdid=1104577423&mseq=420485-1&pgmId=45932,신규등록
2026-09-30,20260930,8:00,45933,[라벨톡 X 스노우피크] FW 아웃도어 의류 최초공개!,1133759074,루트 카고 스트링 팬츠 Black (S26FURPT66),https://m.gsshop.com/prd/prd.gs?prdid=1133759074&mseq=420485-14&pgmId=45933,신규등록
2026-09-30,20260930,8:00,45933,[라벨톡 X 스노우피크] FW 아웃도어 의류 최초공개!,1135497207,"스노우피크(택가 219,000) 우븐 패치 봄버 자켓 3종 택 1 (S24FMTWB36)",https://m.gsshop.com/prd/prd.gs?prdid=1135497207&mseq=420485-6&pgmId=45933,신규등록
2026-09-30,20260930,8:00,45933,[라벨톡 X 스노우피크] FW 아웃도어 의류 최초공개!,1135748171,"어패럴(택가 99,000) 트로피컬 그래픽 맨투맨 4종 택 1 (S24FUFHT64)",https://m.gsshop.com/prd/prd.gs?prdid=1135748171&mseq=420485-9&pgmId=45933,신규등록
2026-09-30,20260930,8:00,45933,[라벨톡 X 스노우피크] FW 아웃도어 의류 최초공개!,1135748460,"어패럴(택가 169,000) 씬테크 우븐 스탠드넥 바람막이 3종 택 1 (S24MMSWB34)",https://m.gsshop.com/prd/prd.gs?prdid=1135748460&mseq=420485-10&pgmId=45933,신규등록
2026-09-30,20260930,8:00,45933,[라벨톡 X 스노우피크] FW 아웃도어 의류 최초공개!,1135766959,"스노우피크(택가 159,000) 클랜드 우먼스 투포켓 조거 팬츠 3종 택 1 (S23SWDPT11)",https://m.gsshop.com/prd/prd.gs?prdid=1135766959&mseq=420485-13&pgmId=45933,신규등록
2026-09-30,20260930,8:00,45933,[라벨톡 X 스노우피크] FW 아웃도어 의류 최초공개!,1135766984,"스노우피크(택가 179,000) 캠플 아노락 7종 택 1 (S23SUCAN42)",https://m.gsshop.com/prd/prd.gs?prdid=1135766984&mseq=420485-11&pgmId=45933,신규등록
2026-09-30,20260930,8:00,45933,[라벨톡 X 스노우피크] FW 아웃도어 의류 최초공개!,1135803797,"스노우피크(택가 159,000) 에어리 여성 라운드넥 경량 다운 자켓 3종 택 1 (S25WWTDJ59)",https://m.gsshop.com/prd/prd.gs?prdid=1135803797&mseq=420485-1&pgmId=45933,신규등록
2026-09-30,20260930,8:00,45933,[라벨톡 X 스노우피크] FW 아웃도어 의류 최초공개!,1135803892,"스노우피크(택가 159,000) 에어리 라운드넥 경량 다운 자켓 3종 택 1 (S25WMTDJ58)",https://m.gsshop.com/prd/prd.gs?prdid=1135803892&mseq=420485-4&pgmId=45933,신규등록
2026-09-30,20260930,8:00,45933,[라벨톡 X 스노우피크] FW 아웃도어 의류 최초공개!,1135810446,"어패럴(택가 139,000) 씬테크 맨투맨 4종 택 1 (S23SUSHT68)",https://m.gsshop.com/prd/prd.gs?prdid=1135810446&mseq=420485-12&pgmId=45933,신규등록
2026-09-30,20260930,8:00,45933,[라벨톡 X 스노우피크] FW 아웃도어 의류 최초공개!,1135830644,"스노우피크(택가 139,000) 브라이트 여성 스커트 3종 택 1 (S24FWFSK71)",https://m.gsshop.com/prd/prd.gs?prdid=1135830644&mseq=420485-3&pgmId=45933,신규등록
2026-09-30,20260930,8:00,45933,[라벨톡 X 스노우피크] FW 아웃도어 의류 최초공개!,1135833093,"어패럴(택가 79,000) 베이직 여성 세미크롭 후드 티셔츠 3종 택 1 (S25FWFHD11)",https://m.gsshop.com/prd/prd.gs?prdid=1135833093&mseq=420485-2&pgmId=45933,신규등록
2026-09-30,20260930,8:00,45933,[라벨톡 X 스노우피크] FW 아웃도어 의류 최초공개!,1135833101,"어패럴 (택가 129,000) 우븐 패치 후드 티셔츠 3종 택 1 (S24FMFHD24)",https://m.gsshop.com/prd/prd.gs?prdid=1135833101&mseq=420485-5&pgmId=45933,신규등록
2026-09-30,20260930,8:00,45933,[라벨톡 X 스노우피크] FW 아웃도어 의류 최초공개!,1135833222,"스노우피크(택가 119,000)니트 여성 조거 팬츠 3종 택 1 (S25SWFFP31)",https://m.gsshop.com/prd/prd.gs?prdid=1135833222&mseq=420485-8&pgmId=45933,신규등록
2026-09-30,20260930,8:00,45933,[라벨톡 X 스노우피크] FW 아웃도어 의류 최초공개!,1135837689,"어패럴(택가 89,000) 랜드 우먼스 모크넥 세미 크롭 기모 맨투맨 2종 택 1 (S23FWFHT67)",https://m.gsshop.com/prd/prd.gs?prdid=1135837689&mseq=420485-7&pgmId=45933,신규등록
2026-09-30,20260930,9:00,45934,[셀폰즈] 녹는실 앰플+체험특가 최초 최다구성,1123613806,[체험특가] 셀폰즈 5초 레가토닝 기미 프로그램 2주 패키지,https://m.gsshop.com/prd/prd.gs?prdid=1123613806&mseq=420485-3&pgmId=45934,신규등록
2026-09-30,20260930,9:00,45934,[셀폰즈] 녹는실 앰플+체험특가 최초 최다구성,1136818501,녹는실 앰플 마스크 8+2BOX (10주분) + 마스크팩 2장,https://m.gsshop.com/prd/prd.gs?prdid=1136818501&mseq=420485-1&pgmId=45934,신규등록
2026-09-30,20260930,9:00,45934,[셀폰즈] 녹는실 앰플+체험특가 최초 최다구성,1136820489,녹는실 앰플 마스크 16+4병 (20주분) + 마스크팩 2,https://m.gsshop.com/prd/prd.gs?prdid=1136820489&mseq=420485-2&pgmId=45934,신규등록
2026-09-30,20260930,9:00,45934,[셀폰즈] 녹는실 앰플+체험특가 최초 최다구성,1136831525,[체험특가] 셀폰즈 2주 체험 풀패키지,https://m.gsshop.com/prd/prd.gs?prdid=1136831525&mseq=420485-4&pgmId=45934,신규등록
2026-09-30,20260930,10:00,45936,[태.피.없] 뷰 브랜드 멤버십 특가 방송! 무료배송!,1101743919,밀크 모이스처 클렌저 50ml 1개 체험특가,https://m.gsshop.com/prd/prd.gs?prdid=1101743919&mseq=420485-22&pgmId=45936,신규등록
2026-09-30,20260930,10:00,45936,[태.피.없] 뷰 브랜드 멤버십 특가 방송! 무료배송!,1103477626,트러플 바이탈 세럼 50ml 체험특가,https://m.gsshop.com/prd/prd.gs?prdid=1103477626&mseq=420485-24&pgmId=45936,신규등록
2026-09-30,20260930,10:00,45936,[태.피.없] 뷰 브랜드 멤버십 특가 방송! 무료배송!,1106981740,베스트 듀오 2종 선물세트(세럼+클렌저) 체험특가,https://m.gsshop.com/prd/prd.gs?prdid=1106981740&mseq=420485-11&pgmId=45936,신규등록
2026-09-30,20260930,10:00,45936,[태.피.없] 뷰 브랜드 멤버십 특가 방송! 무료배송!,1117406879,밀크 모이스처 클렌저 150ml 1개 구성 체험특가,https://m.gsshop.com/prd/prd.gs?prdid=1117406879&mseq=420485-18&pgmId=45936,신규등록
2026-09-30,20260930,10:00,45936,[태.피.없] 뷰 브랜드 멤버십 특가 방송! 무료배송!,1117412919,트러플 바이탈 세럼 150ml 체험특가,https://m.gsshop.com/prd/prd.gs?prdid=1117412919&mseq=420485-14&pgmId=45936,신규등록
2026-09-30,20260930,10:00,45936,[태.피.없] 뷰 브랜드 멤버십 특가 방송! 무료배송!,1117415459,자작나무 워터풀 선크림 50ml 체험특가,https://m.gsshop.com/prd/prd.gs?prdid=1117415459&mseq=420485-20&pgmId=45936,신규등록
2026-09-30,20260930,10:00,45936,[태.피.없] 뷰 브랜드 멤버십 특가 방송! 무료배송!,1117415922,진주알 글로우 톤업 선크림 50ml 1개 체험특가,https://m.gsshop.com/prd/prd.gs?prdid=1117415922&mseq=420485-19&pgmId=45936,신규등록
2026-09-30,20260930,10:00,45936,[태.피.없] 뷰 브랜드 멤버십 특가 방송! 무료배송!,1117417065,레몬 포어리스 에센스 150ml 체험특가,https://m.gsshop.com/prd/prd.gs?prdid=1117417065&mseq=420485-17&pgmId=45936,신규등록
2026-09-30,20260930,10:00,45936,[태.피.없] 뷰 브랜드 멤버십 특가 방송! 무료배송!,1117417543,레몬 포어리스 에센스 50ml 체험특가,https://m.gsshop.com/prd/prd.gs?prdid=1117417543&mseq=420485-23&pgmId=45936,신규등록
2026-09-30,20260930,10:00,45936,[태.피.없] 뷰 브랜드 멤버십 특가 방송! 무료배송!,1117425070,히알스파 모이스처 크림 50ml 1개 체험특가,https://m.gsshop.com/prd/prd.gs?prdid=1117425070&mseq=420485-13&pgmId=45936,신규등록
2026-09-30,20260930,10:00,45936,[태.피.없] 뷰 브랜드 멤버십 특가 방송! 무료배송!,1117425749,유자 멜라토닝 세럼 30ml 1개 체험특가,https://m.gsshop.com/prd/prd.gs?prdid=1117425749&mseq=420485-16&pgmId=45936,신규등록
2026-09-30,20260930,10:00,45936,[태.피.없] 뷰 브랜드 멤버십 특가 방송! 무료배송!,1117923566,"스타트 패키지 클렌징,세럼,에센스 중용량(50ml) 3종 체험특가",https://m.gsshop.com/prd/prd.gs?prdid=1117923566&mseq=420485-10&pgmId=45936,신규등록
2026-09-30,20260930,10:00,45936,[태.피.없] 뷰 브랜드 멤버십 특가 방송! 무료배송!,1118407031,유자 멜라토닝 세럼 30ml 2개 체험특가,https://m.gsshop.com/prd/prd.gs?prdid=1118407031&mseq=420485-4&pgmId=45936,신규등록
2026-09-30,20260930,10:00,45936,[태.피.없] 뷰 브랜드 멤버십 특가 방송! 무료배송!,1118408201,히알스파 모이스처 크림 50ml 2개 체험특가,https://m.gsshop.com/prd/prd.gs?prdid=1118408201&mseq=420485-1&pgmId=45936,신규등록
2026-09-30,20260930,10:00,45936,[태.피.없] 뷰 브랜드 멤버십 특가 방송! 무료배송!,1120629153,밀크 모이스처 클렌저 150ml 2개 구성 체험특가,https://m.gsshop.com/prd/prd.gs?prdid=1120629153&mseq=420485-6&pgmId=45936,신규등록
2026-09-30,20260930,10:00,45936,[태.피.없] 뷰 브랜드 멤버십 특가 방송! 무료배송!,1120723268,진주알 글로우 톤업 선크림 50ml 2개 체험특가,https://m.gsshop.com/prd/prd.gs?prdid=1120723268&mseq=420485-7&pgmId=45936,신규등록
2026-09-30,20260930,10:00,45936,[태.피.없] 뷰 브랜드 멤버십 특가 방송! 무료배송!,1123279343,순면 저자극 엠보싱 화장솜 400매 체험특가,https://m.gsshop.com/prd/prd.gs?prdid=1123279343&mseq=420485-21&pgmId=45936,신규등록
2026-09-30,20260930,10:00,45936,[태.피.없] 뷰 브랜드 멤버십 특가 방송! 무료배송!,1128644587,자작나무 워터풀 선크림 50ml 2개 체험특가,https://m.gsshop.com/prd/prd.gs?prdid=1128644587&mseq=420485-8&pgmId=45936,신규등록
2026-09-30,20260930,10:00,45936,[태.피.없] 뷰 브랜드 멤버십 특가 방송! 무료배송!,1130052630,베스트 트리오 3종 선물세트(세럼+클렌저+선크림+쇼핑백) 체험특가,https://m.gsshop.com/prd/prd.gs?prdid=1130052630&mseq=420485-12&pgmId=45936,신규등록
2026-09-30,20260930,10:00,45936,[태.피.없] 뷰 브랜드 멤버십 특가 방송! 무료배송!,1130202240,순면 저자극 엠보싱 화장솜 400매 2개(총 800매) 체험특가,https://m.gsshop.com/prd/prd.gs?prdid=1130202240&mseq=420485-9&pgmId=45936,신규등록
2026-09-30,20260930,10:00,45936,[태.피.없] 뷰 브랜드 멤버십 특가 방송! 무료배송!,1131135945,녹는실 리프팅 앰플(20ml*3병) 1박스,https://m.gsshop.com/prd/prd.gs?prdid=1131135945&mseq=420485-15&pgmId=45936,신규등록
2026-09-30,20260930,10:00,45936,[태.피.없] 뷰 브랜드 멤버십 특가 방송! 무료배송!,1133259116,녹는실 리프팅 앰플(20ml*3병) 3박스,https://m.gsshop.com/prd/prd.gs?prdid=1133259116&mseq=420485-3&pgmId=45936,신규등록
2026-09-30,20260930,10:00,45936,[태.피.없] 뷰 브랜드 멤버십 특가 방송! 무료배송!,1134252920,레몬 포어리스 에센스 150ml 2개 체험특가,https://m.gsshop.com/prd/prd.gs?prdid=1134252920&mseq=420485-5&pgmId=45936,신규등록
2026-09-30,20260930,10:00,45936,[태.피.없] 뷰 브랜드 멤버십 특가 방송! 무료배송!,1136158132,트러플 바이탈 세럼 150ml 2개 체험특가,https://m.gsshop.com/prd/prd.gs?prdid=1136158132&mseq=420485-2&pgmId=45936,신규등록
2026-09-30,20260930,10:00,45937,[AT 캐리어] 최신상 오리진라이트 시즌2 모바일 런칭,1131677939,[확장가능] AT아메리칸투어리스터 오리진라이트 시즌2 기내용 캐리어 (20인치),https://m.gsshop.com/prd/prd.gs?prdid=1131677939&mseq=420485-2&pgmId=45937,신규등록
2026-09-30,20260930,10:00,45937,[AT 캐리어] 최신상 오리진라이트 시즌2 모바일 런칭,1131681870,[AT]아메리칸투어리스터 오리진라이트 시즌2 수하물용 캐리어(+커버) (27인치),https://m.gsshop.com/prd/prd.gs?prdid=1131681870&mseq=420485-1&pgmId=45937,신규등록
2026-09-30,20260930,12:00,45940,"[뷰 트러플 세럼] 멤버십 특가! 2통 11,900원!",1101743919,밀크 모이스처 클렌저 50ml 1개 체험특가,https://m.gsshop.com/prd/prd.gs?prdid=1101743919&mseq=420485-22&pgmId=45940,신규등록
2026-09-30,20260930,12:00,45940,"[뷰 트러플 세럼] 멤버십 특가! 2통 11,900원!",1103477626,트러플 바이탈 세럼 50ml 체험특가,https://m.gsshop.com/prd/prd.gs?prdid=1103477626&mseq=420485-24&pgmId=45940,신규등록
2026-09-30,20260930,12:00,45940,"[뷰 트러플 세럼] 멤버십 특가! 2통 11,900원!",1106981740,베스트 듀오 2종 선물세트(세럼+클렌저) 체험특가,https://m.gsshop.com/prd/prd.gs?prdid=1106981740&mseq=420485-11&pgmId=45940,신규등록
2026-09-30,20260930,12:00,45940,"[뷰 트러플 세럼] 멤버십 특가! 2통 11,900원!",1117406879,밀크 모이스처 클렌저 150ml 1개 구성 체험특가,https://m.gsshop.com/prd/prd.gs?prdid=1117406879&mseq=420485-18&pgmId=45940,신규등록
2026-09-30,20260930,12:00,45940,"[뷰 트러플 세럼] 멤버십 특가! 2통 11,900원!",1117412919,트러플 바이탈 세럼 150ml 체험특가,https://m.gsshop.com/prd/prd.gs?prdid=1117412919&mseq=420485-13&pgmId=45940,신규등록
2026-09-30,20260930,12:00,45940,"[뷰 트러플 세럼] 멤버십 특가! 2통 11,900원!",1117415459,자작나무 워터풀 선크림 50ml 체험특가,https://m.gsshop.com/prd/prd.gs?prdid=1117415459&mseq=420485-20&pgmId=45940,신규등록
2026-09-30,20260930,12:00,45940,"[뷰 트러플 세럼] 멤버십 특가! 2통 11,900원!",1117415922,진주알 글로우 톤업 선크림 50ml 1개 체험특가,https://m.gsshop.com/prd/prd.gs?prdid=1117415922&mseq=420485-19&pgmId=45940,신규등록
2026-09-30,20260930,12:00,45940,"[뷰 트러플 세럼] 멤버십 특가! 2통 11,900원!",1117417065,레몬 포어리스 에센스 150ml 체험특가,https://m.gsshop.com/prd/prd.gs?prdid=1117417065&mseq=420485-17&pgmId=45940,신규등록
2026-09-30,20260930,12:00,45940,"[뷰 트러플 세럼] 멤버십 특가! 2통 11,900원!",1117417543,레몬 포어리스 에센스 50ml 체험특가,https://m.gsshop.com/prd/prd.gs?prdid=1117417543&mseq=420485-23&pgmId=45940,신규등록
2026-09-30,20260930,12:00,45940,"[뷰 트러플 세럼] 멤버십 특가! 2통 11,900원!",1117425070,히알스파 모이스처 크림 50ml 1개 체험특가,https://m.gsshop.com/prd/prd.gs?prdid=1117425070&mseq=420485-14&pgmId=45940,신규등록
2026-09-30,20260930,12:00,45940,"[뷰 트러플 세럼] 멤버십 특가! 2통 11,900원!",1117425749,유자 멜라토닝 세럼 30ml 1개 체험특가,https://m.gsshop.com/prd/prd.gs?prdid=1117425749&mseq=420485-16&pgmId=45940,신규등록
2026-09-30,20260930,12:00,45940,"[뷰 트러플 세럼] 멤버십 특가! 2통 11,900원!",1117923566,"스타트 패키지 클렌징,세럼,에센스 중용량(50ml) 3종 체험특가",https://m.gsshop.com/prd/prd.gs?prdid=1117923566&mseq=420485-10&pgmId=45940,신규등록
2026-09-30,20260930,12:00,45940,"[뷰 트러플 세럼] 멤버십 특가! 2통 11,900원!",1118407031,유자 멜라토닝 세럼 30ml 2개 체험특가,https://m.gsshop.com/prd/prd.gs?prdid=1118407031&mseq=420485-4&pgmId=45940,신규등록
2026-09-30,20260930,12:00,45940,"[뷰 트러플 세럼] 멤버십 특가! 2통 11,900원!",1118408201,히알스파 모이스처 크림 50ml 2개 체험특가,https://m.gsshop.com/prd/prd.gs?prdid=1118408201&mseq=420485-2&pgmId=45940,신규등록
2026-09-30,20260930,12:00,45940,"[뷰 트러플 세럼] 멤버십 특가! 2통 11,900원!",1120629153,밀크 모이스처 클렌저 150ml 2개 구성 체험특가,https://m.gsshop.com/prd/prd.gs?prdid=1120629153&mseq=420485-6&pgmId=45940,신규등록
2026-09-30,20260930,12:00,45940,"[뷰 트러플 세럼] 멤버십 특가! 2통 11,900원!",1120723268,진주알 글로우 톤업 선크림 50ml 2개 체험특가,https://m.gsshop.com/prd/prd.gs?prdid=1120723268&mseq=420485-7&pgmId=45940,신규등록
2026-09-30,20260930,12:00,45940,"[뷰 트러플 세럼] 멤버십 특가! 2통 11,900원!",1123279343,순면 저자극 엠보싱 화장솜 400매 체험특가,https://m.gsshop.com/prd/prd.gs?prdid=1123279343&mseq=420485-21&pgmId=45940,신규등록
2026-09-30,20260930,12:00,45940,"[뷰 트러플 세럼] 멤버십 특가! 2통 11,900원!",1128644587,자작나무 워터풀 선크림 50ml 2개 체험특가,https://m.gsshop.com/prd/prd.gs?prdid=1128644587&mseq=420485-8&pgmId=45940,신규등록
2026-09-30,20260930,12:00,45940,"[뷰 트러플 세럼] 멤버십 특가! 2통 11,900원!",1130052630,베스트 트리오 3종 선물세트(세럼+클렌저+선크림+쇼핑백) 체험특가,https://m.gsshop.com/prd/prd.gs?prdid=1130052630&mseq=420485-12&pgmId=45940,신규등록
2026-09-30,20260930,12:00,45940,"[뷰 트러플 세럼] 멤버십 특가! 2통 11,900원!",1130202240,순면 저자극 엠보싱 화장솜 400매 2개(총 800매) 체험특가,https://m.gsshop.com/prd/prd.gs?prdid=1130202240&mseq=420485-9&pgmId=45940,신규등록
2026-09-30,20260930,12:00,45940,"[뷰 트러플 세럼] 멤버십 특가! 2통 11,900원!",1131135945,녹는실 리프팅 앰플(20ml*3병) 1박스,https://m.gsshop.com/prd/prd.gs?prdid=1131135945&mseq=420485-15&pgmId=45940,신규등록
2026-09-30,20260930,12:00,45940,"[뷰 트러플 세럼] 멤버십 특가! 2통 11,900원!",1133259116,녹는실 리프팅 앰플(20ml*3병) 3박스,https://m.gsshop.com/prd/prd.gs?prdid=1133259116&mseq=420485-3&pgmId=45940,신규등록
2026-09-30,20260930,12:00,45940,"[뷰 트러플 세럼] 멤버십 특가! 2통 11,900원!",1134252920,레몬 포어리스 에센스 150ml 2개 체험특가,https://m.gsshop.com/prd/prd.gs?prdid=1134252920&mseq=420485-5&pgmId=45940,신규등록
2026-09-30,20260930,12:00,45940,"[뷰 트러플 세럼] 멤버십 특가! 2통 11,900원!",1136158132,트러플 바이탈 세럼 150ml 2개 체험특가,https://m.gsshop.com/prd/prd.gs?prdid=1136158132&mseq=420485-1&pgmId=45940,신규등록
2026-09-30,20260930,13:00,45941,[브루마스] 26FW 최신상 최초공개+방송중 할인찬스,1105673155,비바스니커즈,https://m.gsshop.com/prd/prd.gs?prdid=1105673155&mseq=420485-3&pgmId=45941,신규등록
2026-09-30,20260930,13:00,45941,[브루마스] 26FW 최신상 최초공개+방송중 할인찬스,1133072227,26FW 울 워킹화 여성 (울98%),https://m.gsshop.com/prd/prd.gs?prdid=1133072227&mseq=420485-1&pgmId=45941,신규등록
2026-09-30,20260930,13:00,45941,[브루마스] 26FW 최신상 최초공개+방송중 할인찬스,1133072552,26FW 울 워킹화 남성 (울98%),https://m.gsshop.com/prd/prd.gs?prdid=1133072552&mseq=420485-2&pgmId=45941,신규등록
2026-09-30,20260930,13:00,45941,[브루마스] 26FW 최신상 최초공개+방송중 할인찬스,1133193713,메리노울 운동화 여성 (울98%),https://m.gsshop.com/prd/prd.gs?prdid=1133193713&mseq=420485-4&pgmId=45941,신규등록
2026-09-30,20260930,13:00,45941,[브루마스] 26FW 최신상 최초공개+방송중 할인찬스,1133194033,메리노울 운동화 남성 (울98%),https://m.gsshop.com/prd/prd.gs?prdid=1133194033&mseq=420485-5&pgmId=45941,신규등록
2026-09-30,20260930,14:00,45942,[쏘내추럴] 26FW 방송에서만 15% 할인,1127502006,26FW 스모킹 자수 블라우스,https://m.gsshop.com/prd/prd.gs?prdid=1127502006&mseq=420485-5&pgmId=45942,신규등록
2026-09-30,20260930,14:00,45942,[쏘내추럴] 26FW 방송에서만 15% 할인,1127502504,26FW 피그먼트 커브드 데님 팬츠,https://m.gsshop.com/prd/prd.gs?prdid=1127502504&mseq=420485-6&pgmId=45942,신규등록
2026-09-30,20260930,14:00,45942,[쏘내추럴] 26FW 방송에서만 15% 할인,1127504730,26FW 소프트 커브드 크롭 팬츠,https://m.gsshop.com/prd/prd.gs?prdid=1127504730&mseq=420485-3&pgmId=45942,신규등록
2026-09-30,20260930,14:00,45942,[쏘내추럴] 26FW 방송에서만 15% 할인,1127506884,26FW 코듀로이 후드 웨더 점퍼,https://m.gsshop.com/prd/prd.gs?prdid=1127506884&mseq=420485-10&pgmId=45942,신규등록
2026-09-30,20260930,14:00,45942,[쏘내추럴] 26FW 방송에서만 15% 할인,1128333677,"26FW 시퀸 볼륨 점퍼 [런칭 가격 99,900원]",https://m.gsshop.com/prd/prd.gs?prdid=1128333677&mseq=420485-9&pgmId=45942,신규등록
2026-09-30,20260930,14:00,45942,[쏘내추럴] 26FW 방송에서만 15% 할인,1128810732,26FW 이태리 똘레뇨 울 100 가디건,https://m.gsshop.com/prd/prd.gs?prdid=1128810732&mseq=420485-8&pgmId=45942,신규등록
2026-09-30,20260930,14:00,45942,[쏘내추럴] 26FW 방송에서만 15% 할인,1128882857,26FW 엑스트라 파인 울100 니트 2종,https://m.gsshop.com/prd/prd.gs?prdid=1128882857&mseq=420485-1&pgmId=45942,신규등록
2026-09-30,20260930,14:00,45942,[쏘내추럴] 26FW 방송에서만 15% 할인,1128891191,26FW 울 플러피 체크 베스트,https://m.gsshop.com/prd/prd.gs?prdid=1128891191&mseq=420485-4&pgmId=45942,신규등록
2026-09-30,20260930,14:00,45942,[쏘내추럴] 26FW 방송에서만 15% 할인,1129705164,"26FW 캐시미어 홀가먼트 V넥 니트 3종 [런칭 가격 79,900원]",https://m.gsshop.com/prd/prd.gs?prdid=1129705164&mseq=420485-7&pgmId=45942,신규등록
2026-09-30,20260930,14:00,45942,[쏘내추럴] 26FW 방송에서만 15% 할인,1129722924,26FW 호주산 울 모닐리 니트 재킷,https://m.gsshop.com/prd/prd.gs?prdid=1129722924&mseq=420485-2&pgmId=45942,신규등록
2026-09-30,20260930,14:00,45942,[쏘내추럴] 26FW 방송에서만 15% 할인,1130659501,"26FW 모닐리 소프트 티블라우스 3종 [런칭 가격 79,900원]",https://m.gsshop.com/prd/prd.gs?prdid=1130659501&mseq=420485-11&pgmId=45942,신규등록
2026-09-30,20260930,16:00,45944,[GS패션아울렛] 라삐아프 26FW 리오더 물량 비상!,1103153373,"데님 워크자켓 1종[런칭 가격 109,000원]",https://m.gsshop.com/prd/prd.gs?prdid=1103153373&mseq=420485-1&pgmId=45944,신규등록
2026-09-30,20260930,16:00,45944,[GS패션아울렛] 라삐아프 26FW 리오더 물량 비상!,1127658292,26FW 에어리 코튼혼방 레이어드 티셔츠 3종(60수),https://m.gsshop.com/prd/prd.gs?prdid=1127658292&mseq=420485-2&pgmId=45944,신규등록
2026-09-30,20260930,16:00,45944,[GS패션아울렛] 라삐아프 26FW 리오더 물량 비상!,1127677646,26FW 루즈핏 클래식 V넥 니트 풀오버 3종,https://m.gsshop.com/prd/prd.gs?prdid=1127677646&mseq=420485-3&pgmId=45944,신규등록
2026-09-30,20260930,16:00,45944,[GS패션아울렛] 라삐아프 26FW 리오더 물량 비상!,1129005975,26FW 커브드 벌룬핏 데님 팬츠 1종,https://m.gsshop.com/prd/prd.gs?prdid=1129005975&mseq=420485-7&pgmId=45944,신규등록
2026-09-30,20260930,16:00,45944,[GS패션아울렛] 라삐아프 26FW 리오더 물량 비상!,1129856320,26FW 프린지 멀티 체크 아우터 셔츠 1종,https://m.gsshop.com/prd/prd.gs?prdid=1129856320&mseq=420485-4&pgmId=45944,신규등록
2026-09-30,20260930,16:00,45944,[GS패션아울렛] 라삐아프 26FW 리오더 물량 비상!,1129856408,26FW 오픈업 베스트+가디건 레이어드 세트,https://m.gsshop.com/prd/prd.gs?prdid=1129856408&mseq=420485-5&pgmId=45944,신규등록
2026-09-30,20260930,16:00,45944,[GS패션아울렛] 라삐아프 26FW 리오더 물량 비상!,1131613367,26FW 레이스 디테일 니트탑 2종(블랙+크림),https://m.gsshop.com/prd/prd.gs?prdid=1131613367&mseq=420485-6&pgmId=45944,신규등록
2026-09-30,20260930,17:00,45945,[산지애] 지금 가장 맛있는 품종! 황금사과 시나노골드,1023523841,황금 사과 시나노골드 6kg (3kg*2박스),https://m.gsshop.com/prd/prd.gs?prdid=1023523841&mseq=420485-2&pgmId=45945,신규등록
2026-09-30,20260930,17:00,45945,[산지애] 지금 가장 맛있는 품종! 황금사과 시나노골드,1023524825,황금 사과 시나노골드 햇사과 3kg,https://m.gsshop.com/prd/prd.gs?prdid=1023524825&mseq=420485-3&pgmId=45945,신규등록
2026-09-30,20260930,17:00,45945,[산지애] 지금 가장 맛있는 품종! 황금사과 시나노골드,1136455733,황금 사과 시나노골드 햇사과 9kg (3kg*3박스),https://m.gsshop.com/prd/prd.gs?prdid=1136455733&mseq=420485-1&pgmId=45945,신규등록
2026-09-30,20260930,18:00,45946,[스케쳐스] 코지핏 슬립인스 방송중 10% 할인!,1116768061,26FW 최신상 여성용 릴랙스드 코지 슬립인스 워킹화,https://m.gsshop.com/prd/prd.gs?prdid=1116768061&mseq=420485-1&pgmId=45946,신규등록
2026-09-30,20260930,18:00,45946,[스케쳐스] 코지핏 슬립인스 방송중 10% 할인!,1116768484,26FW 최신상 남성용 릴랙스드 슬립인스 워킹화,https://m.gsshop.com/prd/prd.gs?prdid=1116768484&mseq=420485-2&pgmId=45946,신규등록
2026-09-30,20260930,19:00,45947,[마리끌레르] 26FW 최신상 단독! 경량패딩 2만원대,1136469107,경량 후드 미디 패딩(MAGDPD11MBK),https://m.gsshop.com/prd/prd.gs?prdid=1136469107&mseq=420485-2&pgmId=45947,신규등록
2026-09-30,20260930,19:00,45947,[마리끌레르] 26FW 최신상 단독! 경량패딩 2만원대,1136661836,니트 카라 퀼팅 패딩 베스트 2종 택1(MAGDVT01M),https://m.gsshop.com/prd/prd.gs?prdid=1136661836&mseq=420485-1&pgmId=45947,신규등록
2026-09-30,20260930,19:00,45947,[마리끌레르] 26FW 최신상 단독! 경량패딩 2만원대,1136661840,코듀로이 배색 카라 퀼팅 패딩 2종 택1(MAGDPD03M),https://m.gsshop.com/prd/prd.gs?prdid=1136661840&mseq=420485-3&pgmId=45947,신규등록
2026-09-30,20260930,19:00,45947,[마리끌레르] 26FW 최신상 단독! 경량패딩 2만원대,1136661871,페이크 퍼 후드 니트 집업 2종 택1(MAGDKC04M),https://m.gsshop.com/prd/prd.gs?prdid=1136661871&mseq=420485-7&pgmId=45947,신규등록
2026-09-30,20260930,19:00,45947,[마리끌레르] 26FW 최신상 단독! 경량패딩 2만원대,1136661874,베이직 로고 울 카라 니트 3종 택1(MAGCKN02M),https://m.gsshop.com/prd/prd.gs?prdid=1136661874&mseq=420485-4&pgmId=45947,신규등록
2026-09-30,20260930,19:00,45947,[마리끌레르] 26FW 최신상 단독! 경량패딩 2만원대,1136661877,베이직 로고 울 브이넥 니트 7종 택1(MAGCKN03M),https://m.gsshop.com/prd/prd.gs?prdid=1136661877&mseq=420485-5&pgmId=45947,신규등록
2026-09-30,20260930,19:00,45947,[마리끌레르] 26FW 최신상 단독! 경량패딩 2만원대,1136661886,베이직 로고 울 라운드 니트 7종 택1(MAGCKN05M),https://m.gsshop.com/prd/prd.gs?prdid=1136661886&mseq=420485-6&pgmId=45947,신규등록
2026-09-30,20260930,19:00,45947,[마리끌레르] 26FW 최신상 단독! 경량패딩 2만원대,1136661958,페이크 레더 하프 자켓 2종 택1(MAGCJK04M),https://m.gsshop.com/prd/prd.gs?prdid=1136661958&mseq=420485-8&pgmId=45947,신규등록
2026-09-30,20260930,19:00,45948,[버버리/구찌] 추석전 명품 특가 생방송,1132173832,"메들리 바람막이 후드 자켓 (블랙 8119149 / 베이지 8119148,8122247)",https://m.gsshop.com/prd/prd.gs?prdid=1132173832&mseq=420485-2&pgmId=45948,신규등록
2026-09-30,20260930,19:00,45948,[버버리/구찌] 추석전 명품 특가 생방송,1132173914,파크게이트 퀼팅 자켓 (8121467),https://m.gsshop.com/prd/prd.gs?prdid=1132173914&mseq=420485-1&pgmId=45948,신규등록
2026-09-30,20260930,19:00,45948,[버버리/구찌] 추석전 명품 특가 생방송,1136424934,달리 퀼팅 자켓 (8120010 / 8121453),https://m.gsshop.com/prd/prd.gs?prdid=1136424934&mseq=420485-3&pgmId=45948,신규등록
2026-09-30,20260930,19:00,45948,[버버리/구찌] 추석전 명품 특가 생방송,1136424939,헤밍필드 후드 퀼팅 벨티드 자켓 (8122291),https://m.gsshop.com/prd/prd.gs?prdid=1136424939&mseq=420485-4&pgmId=45948,신규등록
2026-09-30,20260930,19:00,45948,[버버리/구찌] 추석전 명품 특가 생방송,1136541035,오피디아 홀스빗 프린트 미니백 774336-FACYR-8548__,https://m.gsshop.com/prd/prd.gs?prdid=1136541035&mseq=420485-5&pgmId=45948,신규등록
2026-09-30,20260930,19:00,45948,[버버리/구찌] 추석전 명품 특가 생방송,1136541041,미니 크로스백 609407-VCPP5-8859_,https://m.gsshop.com/prd/prd.gs?prdid=1136541041&mseq=420485-6&pgmId=45948,신규등록
2026-09-30,20260930,19:00,45948,[버버리/구찌] 추석전 명품 특가 생방송,1136541047,GG 마몬트 미니 버킷백 575163-DTDRT-1000_,https://m.gsshop.com/prd/prd.gs?prdid=1136541047&mseq=420485-7&pgmId=45948,신규등록
2026-09-30,20260930,19:00,45948,[버버리/구찌] 추석전 명품 특가 생방송,1136679926,체크 스몰 버킷백 (8084045),https://m.gsshop.com/prd/prd.gs?prdid=1136679926&mseq=420485-8&pgmId=45948,신규등록
2026-09-30,20260930,20:00,45950,[태.피.없] 뷰 브랜드 멤버십 특가 방송! 무료배송!,1101743919,밀크 모이스처 클렌저 50ml 1개 체험특가,https://m.gsshop.com/prd/prd.gs?prdid=1101743919&mseq=420485-22&pgmId=45950,신규등록
2026-09-30,20260930,20:00,45950,[태.피.없] 뷰 브랜드 멤버십 특가 방송! 무료배송!,1103477626,트러플 바이탈 세럼 50ml 체험특가,https://m.gsshop.com/prd/prd.gs?prdid=1103477626&mseq=420485-24&pgmId=45950,신규등록
2026-09-30,20260930,20:00,45950,[태.피.없] 뷰 브랜드 멤버십 특가 방송! 무료배송!,1106981740,베스트 듀오 2종 선물세트(세럼+클렌저) 체험특가,https://m.gsshop.com/prd/prd.gs?prdid=1106981740&mseq=420485-11&pgmId=45950,신규등록
2026-09-30,20260930,20:00,45950,[태.피.없] 뷰 브랜드 멤버십 특가 방송! 무료배송!,1117406879,밀크 모이스처 클렌저 150ml 1개 구성 체험특가,https://m.gsshop.com/prd/prd.gs?prdid=1117406879&mseq=420485-18&pgmId=45950,신규등록
2026-09-30,20260930,20:00,45950,[태.피.없] 뷰 브랜드 멤버십 특가 방송! 무료배송!,1117412919,트러플 바이탈 세럼 150ml 체험특가,https://m.gsshop.com/prd/prd.gs?prdid=1117412919&mseq=420485-14&pgmId=45950,신규등록
2026-09-30,20260930,20:00,45950,[태.피.없] 뷰 브랜드 멤버십 특가 방송! 무료배송!,1117415459,자작나무 워터풀 선크림 50ml 체험특가,https://m.gsshop.com/prd/prd.gs?prdid=1117415459&mseq=420485-20&pgmId=45950,신규등록
2026-09-30,20260930,20:00,45950,[태.피.없] 뷰 브랜드 멤버십 특가 방송! 무료배송!,1117415922,진주알 글로우 톤업 선크림 50ml 1개 체험특가,https://m.gsshop.com/prd/prd.gs?prdid=1117415922&mseq=420485-19&pgmId=45950,신규등록
2026-09-30,20260930,20:00,45950,[태.피.없] 뷰 브랜드 멤버십 특가 방송! 무료배송!,1117417065,레몬 포어리스 에센스 150ml 체험특가,https://m.gsshop.com/prd/prd.gs?prdid=1117417065&mseq=420485-17&pgmId=45950,신규등록
2026-09-30,20260930,20:00,45950,[태.피.없] 뷰 브랜드 멤버십 특가 방송! 무료배송!,1117417543,레몬 포어리스 에센스 50ml 체험특가,https://m.gsshop.com/prd/prd.gs?prdid=1117417543&mseq=420485-23&pgmId=45950,신규등록
2026-09-30,20260930,20:00,45950,[태.피.없] 뷰 브랜드 멤버십 특가 방송! 무료배송!,1117425070,히알스파 모이스처 크림 50ml 1개 체험특가,https://m.gsshop.com/prd/prd.gs?prdid=1117425070&mseq=420485-13&pgmId=45950,신규등록
2026-09-30,20260930,20:00,45950,[태.피.없] 뷰 브랜드 멤버십 특가 방송! 무료배송!,1117425749,유자 멜라토닝 세럼 30ml 1개 체험특가,https://m.gsshop.com/prd/prd.gs?prdid=1117425749&mseq=420485-16&pgmId=45950,신규등록
2026-09-30,20260930,20:00,45950,[태.피.없] 뷰 브랜드 멤버십 특가 방송! 무료배송!,1117923566,"스타트 패키지 클렌징,세럼,에센스 중용량(50ml) 3종 체험특가",https://m.gsshop.com/prd/prd.gs?prdid=1117923566&mseq=420485-10&pgmId=45950,신규등록
2026-09-30,20260930,20:00,45950,[태.피.없] 뷰 브랜드 멤버십 특가 방송! 무료배송!,1118407031,유자 멜라토닝 세럼 30ml 2개 체험특가,https://m.gsshop.com/prd/prd.gs?prdid=1118407031&mseq=420485-4&pgmId=45950,신규등록
2026-09-30,20260930,20:00,45950,[태.피.없] 뷰 브랜드 멤버십 특가 방송! 무료배송!,1118408201,히알스파 모이스처 크림 50ml 2개 체험특가,https://m.gsshop.com/prd/prd.gs?prdid=1118408201&mseq=420485-1&pgmId=45950,신규등록
2026-09-30,20260930,20:00,45950,[태.피.없] 뷰 브랜드 멤버십 특가 방송! 무료배송!,1120629153,밀크 모이스처 클렌저 150ml 2개 구성 체험특가,https://m.gsshop.com/prd/prd.gs?prdid=1120629153&mseq=420485-6&pgmId=45950,신규등록
2026-09-30,20260930,20:00,45950,[태.피.없] 뷰 브랜드 멤버십 특가 방송! 무료배송!,1120723268,진주알 글로우 톤업 선크림 50ml 2개 체험특가,https://m.gsshop.com/prd/prd.gs?prdid=1120723268&mseq=420485-7&pgmId=45950,신규등록
2026-09-30,20260930,20:00,45950,[태.피.없] 뷰 브랜드 멤버십 특가 방송! 무료배송!,1123279343,순면 저자극 엠보싱 화장솜 400매 체험특가,https://m.gsshop.com/prd/prd.gs?prdid=1123279343&mseq=420485-21&pgmId=45950,신규등록
2026-09-30,20260930,20:00,45950,[태.피.없] 뷰 브랜드 멤버십 특가 방송! 무료배송!,1128644587,자작나무 워터풀 선크림 50ml 2개 체험특가,https://m.gsshop.com/prd/prd.gs?prdid=1128644587&mseq=420485-8&pgmId=45950,신규등록
2026-09-30,20260930,20:00,45950,[태.피.없] 뷰 브랜드 멤버십 특가 방송! 무료배송!,1130052630,베스트 트리오 3종 선물세트(세럼+클렌저+선크림+쇼핑백) 체험특가,https://m.gsshop.com/prd/prd.gs?prdid=1130052630&mseq=420485-12&pgmId=45950,신규등록
2026-09-30,20260930,20:00,45950,[태.피.없] 뷰 브랜드 멤버십 특가 방송! 무료배송!,1130202240,순면 저자극 엠보싱 화장솜 400매 2개(총 800매) 체험특가,https://m.gsshop.com/prd/prd.gs?prdid=1130202240&mseq=420485-9&pgmId=45950,신규등록
2026-09-30,20260930,20:00,45950,[태.피.없] 뷰 브랜드 멤버십 특가 방송! 무료배송!,1131135945,녹는실 리프팅 앰플(20ml*3병) 1박스,https://m.gsshop.com/prd/prd.gs?prdid=1131135945&mseq=420485-15&pgmId=45950,신규등록
2026-09-30,20260930,20:00,45950,[태.피.없] 뷰 브랜드 멤버십 특가 방송! 무료배송!,1133259116,녹는실 리프팅 앰플(20ml*3병) 3박스,https://m.gsshop.com/prd/prd.gs?prdid=1133259116&mseq=420485-3&pgmId=45950,신규등록
2026-09-30,20260930,20:00,45950,[태.피.없] 뷰 브랜드 멤버십 특가 방송! 무료배송!,1134252920,레몬 포어리스 에센스 150ml 2개 체험특가,https://m.gsshop.com/prd/prd.gs?prdid=1134252920&mseq=420485-5&pgmId=45950,신규등록
2026-09-30,20260930,20:00,45950,[태.피.없] 뷰 브랜드 멤버십 특가 방송! 무료배송!,1136158132,트러플 바이탈 세럼 150ml 2개 체험특가,https://m.gsshop.com/prd/prd.gs?prdid=1136158132&mseq=420485-2&pgmId=45950,신규등록
2026-09-30,20260930,21:00,45951,"[뷰 트러플 세럼] 멤버십 특가! 2통 11,900원!",1101743919,밀크 모이스처 클렌저 50ml 1개 체험특가,https://m.gsshop.com/prd/prd.gs?prdid=1101743919&mseq=420485-22&pgmId=45951,신규등록
2026-09-30,20260930,21:00,45951,"[뷰 트러플 세럼] 멤버십 특가! 2통 11,900원!",1103477626,트러플 바이탈 세럼 50ml 체험특가,https://m.gsshop.com/prd/prd.gs?prdid=1103477626&mseq=420485-24&pgmId=45951,신규등록
2026-09-30,20260930,21:00,45951,"[뷰 트러플 세럼] 멤버십 특가! 2통 11,900원!",1106981740,베스트 듀오 2종 선물세트(세럼+클렌저) 체험특가,https://m.gsshop.com/prd/prd.gs?prdid=1106981740&mseq=420485-11&pgmId=45951,신규등록
2026-09-30,20260930,21:00,45951,"[뷰 트러플 세럼] 멤버십 특가! 2통 11,900원!",1117406879,밀크 모이스처 클렌저 150ml 1개 구성 체험특가,https://m.gsshop.com/prd/prd.gs?prdid=1117406879&mseq=420485-18&pgmId=45951,신규등록
2026-09-30,20260930,21:00,45951,"[뷰 트러플 세럼] 멤버십 특가! 2통 11,900원!",1117412919,트러플 바이탈 세럼 150ml 체험특가,https://m.gsshop.com/prd/prd.gs?prdid=1117412919&mseq=420485-13&pgmId=45951,신규등록
2026-09-30,20260930,21:00,45951,"[뷰 트러플 세럼] 멤버십 특가! 2통 11,900원!",1117415459,자작나무 워터풀 선크림 50ml 체험특가,https://m.gsshop.com/prd/prd.gs?prdid=1117415459&mseq=420485-20&pgmId=45951,신규등록
2026-09-30,20260930,21:00,45951,"[뷰 트러플 세럼] 멤버십 특가! 2통 11,900원!",1117415922,진주알 글로우 톤업 선크림 50ml 1개 체험특가,https://m.gsshop.com/prd/prd.gs?prdid=1117415922&mseq=420485-19&pgmId=45951,신규등록
2026-09-30,20260930,21:00,45951,"[뷰 트러플 세럼] 멤버십 특가! 2통 11,900원!",1117417065,레몬 포어리스 에센스 150ml 체험특가,https://m.gsshop.com/prd/prd.gs?prdid=1117417065&mseq=420485-17&pgmId=45951,신규등록
2026-09-30,20260930,21:00,45951,"[뷰 트러플 세럼] 멤버십 특가! 2통 11,900원!",1117417543,레몬 포어리스 에센스 50ml 체험특가,https://m.gsshop.com/prd/prd.gs?prdid=1117417543&mseq=420485-23&pgmId=45951,신규등록
2026-09-30,20260930,21:00,45951,"[뷰 트러플 세럼] 멤버십 특가! 2통 11,900원!",1117425070,히알스파 모이스처 크림 50ml 1개 체험특가,https://m.gsshop.com/prd/prd.gs?prdid=1117425070&mseq=420485-14&pgmId=45951,신규등록
2026-09-30,20260930,21:00,45951,"[뷰 트러플 세럼] 멤버십 특가! 2통 11,900원!",1117425749,유자 멜라토닝 세럼 30ml 1개 체험특가,https://m.gsshop.com/prd/prd.gs?prdid=1117425749&mseq=420485-16&pgmId=45951,신규등록
2026-09-30,20260930,21:00,45951,"[뷰 트러플 세럼] 멤버십 특가! 2통 11,900원!",1117923566,"스타트 패키지 클렌징,세럼,에센스 중용량(50ml) 3종 체험특가",https://m.gsshop.com/prd/prd.gs?prdid=1117923566&mseq=420485-10&pgmId=45951,신규등록
2026-09-30,20260930,21:00,45951,"[뷰 트러플 세럼] 멤버십 특가! 2통 11,900원!",1118407031,유자 멜라토닝 세럼 30ml 2개 체험특가,https://m.gsshop.com/prd/prd.gs?prdid=1118407031&mseq=420485-4&pgmId=45951,신규등록
2026-09-30,20260930,21:00,45951,"[뷰 트러플 세럼] 멤버십 특가! 2통 11,900원!",1118408201,히알스파 모이스처 크림 50ml 2개 체험특가,https://m.gsshop.com/prd/prd.gs?prdid=1118408201&mseq=420485-2&pgmId=45951,신규등록
2026-09-30,20260930,21:00,45951,"[뷰 트러플 세럼] 멤버십 특가! 2통 11,900원!",1120629153,밀크 모이스처 클렌저 150ml 2개 구성 체험특가,https://m.gsshop.com/prd/prd.gs?prdid=1120629153&mseq=420485-6&pgmId=45951,신규등록
2026-09-30,20260930,21:00,45951,"[뷰 트러플 세럼] 멤버십 특가! 2통 11,900원!",1120723268,진주알 글로우 톤업 선크림 50ml 2개 체험특가,https://m.gsshop.com/prd/prd.gs?prdid=1120723268&mseq=420485-7&pgmId=45951,신규등록
2026-09-30,20260930,21:00,45951,"[뷰 트러플 세럼] 멤버십 특가! 2통 11,900원!",1123279343,순면 저자극 엠보싱 화장솜 400매 체험특가,https://m.gsshop.com/prd/prd.gs?prdid=1123279343&mseq=420485-21&pgmId=45951,신규등록
2026-09-30,20260930,21:00,45951,"[뷰 트러플 세럼] 멤버십 특가! 2통 11,900원!",1128644587,자작나무 워터풀 선크림 50ml 2개 체험특가,https://m.gsshop.com/prd/prd.gs?prdid=1128644587&mseq=420485-8&pgmId=45951,신규등록
2026-09-30,20260930,21:00,45951,"[뷰 트러플 세럼] 멤버십 특가! 2통 11,900원!",1130052630,베스트 트리오 3종 선물세트(세럼+클렌저+선크림+쇼핑백) 체험특가,https://m.gsshop.com/prd/prd.gs?prdid=1130052630&mseq=420485-12&pgmId=45951,신규등록
2026-09-30,20260930,21:00,45951,"[뷰 트러플 세럼] 멤버십 특가! 2통 11,900원!",1130202240,순면 저자극 엠보싱 화장솜 400매 2개(총 800매) 체험특가,https://m.gsshop.com/prd/prd.gs?prdid=1130202240&mseq=420485-9&pgmId=45951,신규등록
2026-09-30,20260930,21:00,45951,"[뷰 트러플 세럼] 멤버십 특가! 2통 11,900원!",1131135945,녹는실 리프팅 앰플(20ml*3병) 1박스,https://m.gsshop.com/prd/prd.gs?prdid=1131135945&mseq=420485-15&pgmId=45951,신규등록
2026-09-30,20260930,21:00,45951,"[뷰 트러플 세럼] 멤버십 특가! 2통 11,900원!",1133259116,녹는실 리프팅 앰플(20ml*3병) 3박스,https://m.gsshop.com/prd/prd.gs?prdid=1133259116&mseq=420485-3&pgmId=45951,신규등록
2026-09-30,20260930,21:00,45951,"[뷰 트러플 세럼] 멤버십 특가! 2통 11,900원!",1134252920,레몬 포어리스 에센스 150ml 2개 체험특가,https://m.gsshop.com/prd/prd.gs?prdid=1134252920&mseq=420485-5&pgmId=45951,신규등록
2026-09-30,20260930,21:00,45951,"[뷰 트러플 세럼] 멤버십 특가! 2통 11,900원!",1136158132,트러플 바이탈 세럼 150ml 2개 체험특가,https://m.gsshop.com/prd/prd.gs?prdid=1136158132&mseq=420485-1&pgmId=45951,신규등록
2026-09-30,20260930,22:00,45952,[패션아울렛] 코어 25fw~26ss까지! 역대최저가,1088232091,"캐시울 핸드메이드 판초 숏코트 [런칭 가격 129,900원]",https://m.gsshop.com/prd/prd.gs?prdid=1088232091&mseq=420485-1&pgmId=45952,신규등록
2026-09-30,20260930,22:00,45952,[패션아울렛] 코어 25fw~26ss까지! 역대최저가,1088378506,"볼륨 치노 팬츠 [런칭 가격 59,900원]",https://m.gsshop.com/prd/prd.gs?prdid=1088378506&mseq=420485-2&pgmId=45952,신규등록
2026-09-30,20260930,22:00,45952,[패션아울렛] 코어 25fw~26ss까지! 역대최저가,1088842876,"캐시울 데미지 니트 [런칭 가격 99,900원]",https://m.gsshop.com/prd/prd.gs?prdid=1088842876&mseq=420485-3&pgmId=45952,신규등록
2026-09-30,20260930,22:00,45952,[패션아울렛] 코어 25fw~26ss까지! 역대최저가,1088843532,"벨티드 더블페이스 핸메 코트 [런칭 가격 179,900원]",https://m.gsshop.com/prd/prd.gs?prdid=1088843532&mseq=420485-4&pgmId=45952,신규등록
2026-09-30,20260930,22:00,45952,[패션아울렛] 코어 25fw~26ss까지! 역대최저가,1102582175,실크 모크넥 니트 3종,https://m.gsshop.com/prd/prd.gs?prdid=1102582175&mseq=420485-5&pgmId=45952,신규등록
2026-09-30,20260930,22:00,45952,[패션아울렛] 코어 25fw~26ss까지! 역대최저가,1103201801,"틴업 벌룬핏 데님 [런칭 가격 69,900원]",https://m.gsshop.com/prd/prd.gs?prdid=1103201801&mseq=420485-6&pgmId=45952,신규등록
2026-09-30,20260930,23:00,45953,[깨끗한나라]GS 1등 화장지! 방송중에만 20% 할인,1034479700,허브가든 데이지 30롤 3팩(총90롤),https://m.gsshop.com/prd/prd.gs?prdid=1034479700&mseq=420485-1&pgmId=45953,신규등록
2026-10-01,20261001,10:00,46050,[찐친뷰티] 펠리체골드 방송에서만 이가격&사은품,1037383243,[9월골든특가] 18K 레디언트 팔찌,https://m.gsshop.com/prd/prd.gs?prdid=1037383243&mseq=420485-10&pgmId=46050,신규등록
2026-10-01,20261001,10:00,46050,[찐친뷰티] 펠리체골드 방송에서만 이가격&사은품,1068099532,[9월골든특가/이태리] 18K 라세타 목걸이,https://m.gsshop.com/prd/prd.gs?prdid=1068099532&mseq=420485-20&pgmId=46050,신규등록
2026-10-01,20261001,10:00,46050,[찐친뷰티] 펠리체골드 방송에서만 이가격&사은품,1068099549,[9월골든특가/이태리] 18K 라세타 팔찌,https://m.gsshop.com/prd/prd.gs?prdid=1068099549&mseq=420485-19&pgmId=46050,신규등록
2026-10-01,20261001,10:00,46050,[찐친뷰티] 펠리체골드 방송에서만 이가격&사은품,1088713231,[9월골든특가] 18K 레디언트 컷팅 목걸이,https://m.gsshop.com/prd/prd.gs?prdid=1088713231&mseq=420485-11&pgmId=46050,신규등록
2026-10-01,20261001,10:00,46050,[찐친뷰티] 펠리체골드 방송에서만 이가격&사은품,1100941315,[9월골든특가] 18K 모이사나이트 이터니티 반지,https://m.gsshop.com/prd/prd.gs?prdid=1100941315&mseq=420485-17&pgmId=46050,신규등록
2026-10-01,20261001,10:00,46050,[찐친뷰티] 펠리체골드 방송에서만 이가격&사은품,1100941669,[9월골든특가] 18K 모이사나이트 하프 반지,https://m.gsshop.com/prd/prd.gs?prdid=1100941669&mseq=420485-6&pgmId=46050,신규등록
2026-10-01,20261001,10:00,46050,[찐친뷰티] 펠리체골드 방송에서만 이가격&사은품,1113258421,[9월골든특가] 14K 버블링 3mm 대 반지,https://m.gsshop.com/prd/prd.gs?prdid=1113258421&mseq=420485-18&pgmId=46050,신규등록
2026-10-01,20261001,10:00,46050,[찐친뷰티] 펠리체골드 방송에서만 이가격&사은품,1123671528,[9월골든특가] 18K 천연가넷 금볼 팔찌,https://m.gsshop.com/prd/prd.gs?prdid=1123671528&mseq=420485-13&pgmId=46050,신규등록
2026-10-01,20261001,10:00,46050,[찐친뷰티] 펠리체골드 방송에서만 이가격&사은품,1123671539,[9월골든특가] 18K 천연가넷 금볼 목걸이,https://m.gsshop.com/prd/prd.gs?prdid=1123671539&mseq=420485-14&pgmId=46050,신규등록
2026-10-01,20261001,10:00,46050,[찐친뷰티] 펠리체골드 방송에서만 이가격&사은품,1129394947,[9월골든특가] 18K 퀼팅 반지,https://m.gsshop.com/prd/prd.gs?prdid=1129394947&mseq=420485-7&pgmId=46050,신규등록
2026-10-01,20261001,10:00,46050,[찐친뷰티] 펠리체골드 방송에서만 이가격&사은품,1129394955,[9월골든특가] 18K 퀼팅 귀걸이,https://m.gsshop.com/prd/prd.gs?prdid=1129394955&mseq=420485-16&pgmId=46050,신규등록
2026-10-01,20261001,10:00,46050,[찐친뷰티] 펠리체골드 방송에서만 이가격&사은품,1129395030,[9월골든특가/GS단독] 실버 925 글리터 클립체인 세트,https://m.gsshop.com/prd/prd.gs?prdid=1129395030&mseq=420485-1&pgmId=46050,신규등록
2026-10-01,20261001,10:00,46050,[찐친뷰티] 펠리체골드 방송에서만 이가격&사은품,1131119516,[9월골든특가] 실버 925 스네이크 4mm 세트,https://m.gsshop.com/prd/prd.gs?prdid=1131119516&mseq=420485-2&pgmId=46050,신규등록
2026-10-01,20261001,10:00,46050,[찐친뷰티] 펠리체골드 방송에서만 이가격&사은품,1131154199,[9월골든특가/GS단독] 실버 925 모이사나이트 스위트 팔찌,https://m.gsshop.com/prd/prd.gs?prdid=1131154199&mseq=420485-4&pgmId=46050,신규등록
2026-10-01,20261001,10:00,46050,[찐친뷰티] 펠리체골드 방송에서만 이가격&사은품,1132344635,[9월골든특가/GS단독] 24K 순금 루미에르 팔찌,https://m.gsshop.com/prd/prd.gs?prdid=1132344635&mseq=420485-12&pgmId=46050,신규등록
2026-10-01,20261001,10:00,46050,[찐친뷰티] 펠리체골드 방송에서만 이가격&사은품,1134483296,[9월골든특가/신상] 실버 925 모이사나이트 블라썸 팔찌,https://m.gsshop.com/prd/prd.gs?prdid=1134483296&mseq=420485-5&pgmId=46050,신규등록
2026-10-01,20261001,10:00,46050,[찐친뷰티] 펠리체골드 방송에서만 이가격&사은품,1136450199,실버 925 모이사나이트 무빙클로버 목걸이,https://m.gsshop.com/prd/prd.gs?prdid=1136450199&mseq=420485-3&pgmId=46050,신규등록
2026-10-01,20261001,10:00,46050,[찐친뷰티] 펠리체골드 방송에서만 이가격&사은품,1136468255,실버 925 모이사나이트 럭셔리 귀걸이,https://m.gsshop.com/prd/prd.gs?prdid=1136468255&mseq=420485-15&pgmId=46050,신규등록
2026-10-01,20261001,10:00,46050,[찐친뷰티] 펠리체골드 방송에서만 이가격&사은품,1136827874,18K 글래디스 목걸이,https://m.gsshop.com/prd/prd.gs?prdid=1136827874&mseq=420485-9&pgmId=46050,신규등록
2026-10-01,20261001,10:00,46050,[찐친뷰티] 펠리체골드 방송에서만 이가격&사은품,1136827880,18K 글래디스 팔찌,https://m.gsshop.com/prd/prd.gs?prdid=1136827880&mseq=420485-8&pgmId=46050,신규등록
2026-10-01,20261001,20:00,46066,[신난다은] 구찌 머플러+버버리 아우터 5% 추가할인!,1062621540,DALRY 달리 여성 다이아몬드 퀼팅 자켓 블랙 81214531 80914431,https://m.gsshop.com/prd/prd.gs?prdid=1062621540&mseq=420485-7&pgmId=46066,신규등록
2026-10-01,20261001,20:00,46066,[신난다은] 구찌 머플러+버버리 아우터 5% 추가할인!,1063042613,PARKGATE 파크게이트 퀼팅 후드 롱 여성 자켓 점퍼 80842091 81214671,https://m.gsshop.com/prd/prd.gs?prdid=1063042613&mseq=420485-10&pgmId=46066,신규등록
2026-10-01,20261001,20:00,46066,[신난다은] 구찌 머플러+버버리 아우터 5% 추가할인!,1071959343,SANDSEND 샌드센드 벨티드 후드 다운 여성 롱 패딩 점퍼 81052211,https://m.gsshop.com/prd/prd.gs?prdid=1071959343&mseq=420485-11&pgmId=46066,신규등록
2026-10-01,20261001,20:00,46066,[신난다은] 구찌 머플러+버버리 아우터 5% 추가할인!,1098986643,LEYBURN 레이번 여성 후드 롱 다운 코트 패딩 블랙 81120631,https://m.gsshop.com/prd/prd.gs?prdid=1098986643&mseq=420485-12&pgmId=46066,신규등록
2026-10-01,20261001,20:00,46066,[신난다은] 구찌 머플러+버버리 아우터 5% 추가할인!,1105251908,GG 웹 울 머플러 570603 3G200 1466,https://m.gsshop.com/prd/prd.gs?prdid=1105251908&mseq=420485-5&pgmId=46066,신규등록
2026-10-01,20261001,20:00,46066,[신난다은] 구찌 머플러+버버리 아우터 5% 추가할인!,1105252040,GG 웹 울 머플러 570603 3G200 9568,https://m.gsshop.com/prd/prd.gs?prdid=1105252040&mseq=420485-6&pgmId=46066,신규등록
2026-10-01,20261001,20:00,46066,[신난다은] 구찌 머플러+버버리 아우터 5% 추가할인!,1108208984,OVERTHORPE 오버소프 여성 후드 자켓 81114431,https://m.gsshop.com/prd/prd.gs?prdid=1108208984&mseq=420485-9&pgmId=46066,신규등록
2026-10-01,20261001,20:00,46066,[신난다은] 구찌 머플러+버버리 아우터 5% 추가할인!,1113985270,CAWTHORNE 카트론 코손 여성 퀄팅 자켓 81222791 81308011,https://m.gsshop.com/prd/prd.gs?prdid=1113985270&mseq=420485-8&pgmId=46066,신규등록
2026-10-01,20261001,20:00,46066,[신난다은] 구찌 머플러+버버리 아우터 5% 추가할인!,1132041590,GG 자카드 울 실크 스카프/머플러 165904 3G646 1000,https://m.gsshop.com/prd/prd.gs?prdid=1132041590&mseq=420485-4&pgmId=46066,신규등록
2026-10-01,20261001,20:00,46066,[신난다은] 구찌 머플러+버버리 아우터 5% 추가할인!,1132045555,GG 자카드 울 실크 스카프/머플러 165904 3G646 1400,https://m.gsshop.com/prd/prd.gs?prdid=1132045555&mseq=420485-3&pgmId=46066,신규등록
2026-10-01,20261001,20:00,46066,[신난다은] 구찌 머플러+버버리 아우터 5% 추가할인!,1132055018,GG 자카드 울 실크 스카프/머플러 165904 3G646 9500,https://m.gsshop.com/prd/prd.gs?prdid=1132055018&mseq=420485-1&pgmId=46066,신규등록
2026-10-01,20261001,20:00,46066,[신난다은] 구찌 머플러+버버리 아우터 5% 추가할인!,1132060322,GG 자카드 울 실크 스카프/머플러 165904 3G646 9664,https://m.gsshop.com/prd/prd.gs?prdid=1132060322&mseq=420485-2&pgmId=46066,신규등록
2026-10-01,20261001,20:00,46066,[신난다은] 구찌 머플러+버버리 아우터 5% 추가할인!,1132067667,GG 웹 울 머플러 570603 3G200 1768,https://m.gsshop.com/prd/prd.gs?prdid=1132067667&mseq=420485-14&pgmId=46066,신규등록
2026-10-01,20261001,20:00,46066,[신난다은] 구찌 머플러+버버리 아우터 5% 추가할인!,1132069435,GG 웹 울 머플러 570603 3G200 4068,https://m.gsshop.com/prd/prd.gs?prdid=1132069435&mseq=420485-13&pgmId=46066,신규등록
